MBB.Id	reaction	Reversible	E.C.number	ko	E.C.num_gene
0.0	rn:R00173		(3.1.3.74)			[00750]
0.0	rn:R00174		(2.7.1.35)			[00750]
0.0	rn:R00277		(1.4.3.5)			[00750]
0.0	rn:R00278		(1.4.3.5)			[00750]
0.0	rn:R01710	reversible	(1.4.3.5)			[00750]
0.0	rn:R01711	reversible	(1.4.3.5)			[00750]
0.0	rn:R01909		(2.7.1.35)			[00750]
0.0	rn:R01911		(3.1.3.74)			[00750]
0.0	rn:R02493		(2.7.1.35)			[00750]
0.0	rn:R02494		(3.1.3.74)			[00750]
0.1	rn:R01724	reversible	(6.3.4.21)			[00760]
0.1	rn:R02295	reversible	(2.4.2.1)			[00760]
0.1	rn:R03004		(3.6.1.22)			[00760]
0.1	rn:R03004		(3.6.1.9)			[00760]
0.1	rn:R03005	reversible	(2.7.7.1)			[00760]
0.1	rn:R03005	reversible	(2.7.7.18)			[00760]
0.1	rn:R03346		(3.1.3.5)			[00760]
0.1	rn:R03347		(2.7.1.173)			[00760]
0.10	rn:R02433	reversible	(2.6.1.1)			[00270]
0.10	rn:R07136	reversible	(1.1.1.37)			[00270, 00680]
0.100	rn:R00558		(1.14.13.39)			[00330]
0.101	rn:R03534		(1.1.99.2)			[00650]
0.102	rn:R10092		(4.2.1.1)			[00910]
0.103	rn:R01737		(2.7.1.12)			[00030]
0.104	rn:R01519		(3.1.1.17)			[00030]
0.105	rn:R02731		(3.1.3.46)			[00051]
0.106	rn:R00801		(3.2.1.20)			[00052, 00500]
0.107	rn:R00801		(3.2.1.10)			[00052, 00500]
0.108	rn:R00801		(3.2.1.48)			[00052, 00500]
0.109	rn:R01103		(3.2.1.22)			[00052]
0.11	rn:R02197		(1.4.3.2)			[00280]
0.11	rn:R02199	reversible	(2.6.1.42)			[00280, 00290, 00966]
0.110	rn:R03634		(3.2.1.22)			[00052]
0.111	rn:R01101		(3.2.1.22)			[00052]
0.112	rn:R05549		(3.2.1.22)			[00052]
0.113	rn:R02487		(1.3.8.6)			[00071]
0.114	rn:R08745		(2.3.1.65)			[00120]
0.115	rn:R04811		(2.3.1.176)			[00120]
0.116	rn:R04810		(1.1.1.35)			[00120]
0.117	rn:R04809		(4.2.1.107)			[00120]
0.118	rn:R08740		(1.17.99.3)			[00120]
0.119	rn:R08739		(5.1.99.4)			[00120]
0.12	rn:R02422	reversible	(3.5.3.4)			[00230]
0.120	rn:R08738		(6.2.1.7)			[00120]
0.121	rn:R08760		(1.14.15.15)			[00120]
0.122	rn:R08758		(1.14.15.15)			[00120]
0.123	rn:R04806		(1.14.15.15)			[00120]
0.124	rn:R03720		(2.3.1.65)			[00120, 00430]
0.125	rn:R03719		(2.3.1.176)			[00120]
0.126	rn:R04812		(1.1.1.35)			[00120]
0.127	rn:R04813		(4.2.1.107)			[00120]
0.128	rn:R08735		(1.17.99.3)			[00120]
0.129	rn:R08734		(5.1.99.4)			[00120]
0.13	rn:R07499	reversible	(1.3.1.72)			[00100]
0.130	rn:R08733		(6.2.1.7)			[00120]
0.131	rn:R08761		(1.14.15.15)			[00120]
0.132	rn:R08759		(1.14.15.15)			[00120]
0.133	rn:R04807		(1.14.15.15)			[00120]
0.134	rn:R07204		(1.14.14.139)			[00120]
0.135	rn:R04818|R04819		(1.1.1.50)			[00120]
0.136	rn:R04817		(1.3.1.3)			[00120]
0.137	rn:R04824|R04825		(1.1.1.50)			[00120]
0.138	rn:R04823		(1.3.1.3)			[00120]
0.139	rn:R04826		(1.14.18.8)			[00120]
0.14	rn:R03689	reversible	(1.3.1.72)			[00100]
0.140	rn:R04263		(1.1.1.181)			[00120]
0.141	rn:R01463		(1.14.14.23)			[00120]
0.142	rn:R10242		(1.3.1.22)			[00140]
0.143	rn:R02499		(5.3.3.1)			[00140]
0.144	rn:R02499		(1.1.1.145)			[00140]
0.145	rn:R03406|R03407		(1.1.1.51)			[00140]
0.146	rn:R01837		(5.3.3.1)			[00140]
0.147	rn:R01837		(1.1.1.145)			[00140]
0.148	rn:R08517		(1.14.14.32)			[00140]
0.149	rn:R08518		(1.14.14.32)			[00140]
0.15	rn:R01123	reversible	(5.3.3.2)			[00900]
0.150	rn:R04676		(1.14.15.6)			[00140]
0.151	rn:R04853		(1.14.14.19)			[00140]
0.152	rn:R01454		(1.14.15.6)			[00140]
0.153	rn:R01451|R01456		(1.3.1.21)			[00100]
0.154	rn:R07215		(1.14.19.20)			[00100]
0.155	rn:R04804		(5.3.3.5)			[00100]
0.156	rn:R03353		(5.3.3.5)			[00100]
0.157	rn:R01364		(3.7.1.2)			[00350, 00643]
0.158	rn:R03181		(5.2.1.2)			[00350, 00643]
0.159	rn:R02519		(1.13.11.5)			[00350, 00643]
0.160	rn:R02521		(1.13.11.27)			[00130, 00350]
0.161	rn:R02078		(1.14.18.1)			[00350, 00965]
0.162	rn:R04300		(1.4.3.4)			[00350, 00950]
0.163	rn:R04300		(1.4.3.21)			[00350, 00950]
0.164	rn:R02080		(4.1.1.28)			[00350, 00950, 00965]
0.165	rn:R01815		(1.14.16.2)			[00350]
0.166	rn:R00731		(1.14.18.1)			[00350, 00950, 00965]
0.167	rn:R02382		(1.4.3.4)			[00350]
0.168	rn:R02382		(1.4.3.21)			[00350]
0.169	rn:R00736		(4.1.1.28)			[00350, 00680, 00950]
0.170	rn:R00669		(3.5.1.14)			[00220]
0.171	rn:R00184		(3.6.1.17)			[00230]
0.172	rn:R06604		(4.1.1.97)			[00230]
0.173	rn:R07943		(1.14.14.1)			[00232]
0.174	rn:R07939		(1.14.14.1)			[00232]
0.175	rn:R00357		(1.4.3.2)			[00250]
0.176	rn:R00489		(4.1.1.15)			[00410, 00770]
0.177	rn:R00489		(4.1.1.11)			[00410, 00770]
0.178	rn:R07410|R07407		(1.4.1.21)			[00760]
0.179	rn:R00348		(3.5.1.3)			[00250]
0.18	rn:R02957	reversible	(1.2.1.3)			[00053]
0.180	rn:R00359		(1.4.3.1)			[00250]
0.181	rn:R00369		(2.6.1.44)			[00250]
0.182	rn:R00269		(3.5.1.3)			[00250]
0.183	rn:R00197		(1.1.2.4)			[00620]
0.184	rn:R01736		(3.1.2.6)			[00620]
0.185	rn:R02529		(1.4.3.4)			[00260]
0.186	rn:R02529		(1.4.3.21)			[00260]
0.187	rn:R01682		(4.1.1.29)			[00430]
0.188	rn:R01682		(4.1.1.15)			[00430]
0.189	rn:R02488		(1.3.8.6)			[00310, 00362, 00380]
0.19	rn:R03974		(3.1.2.27)			[00120]
0.19	rn:R08743		(6.2.1.7)			[00120]
0.190	rn:R01940		(1.2.4.2)			[00310]
0.191	rn:R01933		(1.2.4.2)			[00380]
0.192	rn:R03102|R03103		(1.2.1.31)			[00310]
0.193	rn:R00716		(1.5.1.8)			[00310]
0.194	rn:R02894		(1.4.3.3)			[00330]
0.195	rn:R05051		(1.2.1.88)			[00330]
0.196	rn:R04221		(1.4.3.3)			[00330]
0.197	rn:R00526		(3.5.1.15)			[00340, 00630]
0.198	rn:R01085		(3.7.1.5)			[00350]
0.199	rn:R02657		(1.2.3.1)			[00350]
0.2	rn:R00729		(1.4.3.2)			[00350, 00400, 00950]
0.2	rn:R00734	reversible	(2.6.1.1)			[00130, 00350, 00400, 00401, 00950]
0.2	rn:R00734	reversible	(2.6.1.5)			[00130, 00350, 00400, 00401, 00950]
0.2	rn:R03342	reversible	(5.3.2.1)			[00350]
0.20	rn:R02794		(6.2.1.7)			[00120]
0.20	rn:R07296		(3.1.2.27)			[00120]
0.200	rn:R00699		(4.1.1.28)			[00360]
0.201	rn:R01372		(1.13.11.27)			[00360]
0.202	rn:R01795		(1.14.16.1)			[00360, 00400]
0.203	rn:R02452		(2.3.1.71)			[00360]
0.204	rn:R04323		(4.1.1.45)			[00380]
0.205	rn:R02665		(1.13.11.6)			[00380]
0.206	rn:R02668		(3.7.1.3)			[00380]
0.207	rn:R01960		(1.14.13.9)			[00380]
0.208	rn:R00987		(3.7.1.3)			[00380]
0.209	rn:R01959		(3.5.1.9)			[00380, 00630]
0.21	rn:R07507	reversible	(1.3.1.72)			[00100]
0.210	rn:R00988		(3.5.1.9)			[00380]
0.211	rn:R03936		(3.7.1.3)			[00380]
0.212	rn:R00678		(1.13.11.52)			[00380]
0.213	rn:R00677		(1.4.3.2)			[00380]
0.214	rn:R00678		(1.13.11.11)			[00380]
0.215	rn:R02678		(1.2.1.3)			[00380]
0.216	rn:R02173		(1.4.3.4)			[00380]
0.217	rn:R02173		(1.4.3.22)			[00380]
0.218	rn:R00685		(4.1.1.28)			[00380, 00901]
0.219	rn:R00685		(4.1.1.105)			[00380, 00901]
0.22	rn:R05703	reversible	(1.3.1.72)			[00100]
0.220	rn:R03139		(1.4.3.21)			[00410]
0.221	rn:R01579		(3.5.1.2)			[00471]
0.222	rn:R02457		(1.4.3.3)			[00472]
0.223	rn:R02923		(1.4.3.3)			[00472]
0.224	rn:R08363		(1.17.4.1)			[00480]
0.225	rn:R08364		(1.17.4.1)			[00480]
0.226	rn:R00306		(3.2.1.21)			[00500]
0.227	rn:R02887		(3.2.1.21)			[00500]
0.228	rn:R03527		(3.2.1.21)			[00500]
0.229	rn:R00010		(3.2.1.28)			[00500]
0.23	rn:R07498	reversible	(1.3.1.72)			[00100]
0.230	rn:R11262		(3.2.1.1)			[00500]
0.231	rn:R01718		(3.2.1.10)			[00500]
0.232	rn:R00022		(3.2.1.52)			[00520]
0.233	rn:R01206		(3.2.1.14)			[00520]
0.234	rn:R02334		(3.2.1.14)			[00520]
0.235	rn:R01961		(2.7.1.1)			[00520]
0.236	rn:R01011		(2.7.1.29)			[00561, 00680]
0.237	rn:R04470		(3.2.1.22)			[00561]
0.238	rn:R01185		(3.1.3.25)			[00562]
0.239	rn:R00855		(3.6.1.16)			[00564]
0.240	rn:R09034		(-.-.-.-)			[00564]
0.241	rn:R04019		(3.2.1.22)			[00600]
0.242	rn:R00317		(3.6.1.7)			[00620]
0.243	rn:R01334		(3.1.3.18)			[00630]
0.244	rn:R01176		(6.2.1.2)			[00650]
0.245	rn:R01709		(1.2.3.1)			[00750]
0.246	rn:R00257		(6.3.5.1)			[00760]
0.247	rn:R03348		(2.4.2.19)			[00760]
0.248	rn:R02971		(2.7.1.33)			[00770]
0.249	rn:R03018		(2.7.1.33)			[00770]
0.250	rn:R02973		(3.5.1.92)			[00770]
0.251	rn:R05145		(6.3.4.11)			[00780]
0.252	rn:R05145		(6.3.4.15)			[00780]
0.253	rn:R05145		(6.3.4.9)			[00780]
0.254	rn:R05145		(6.3.4.10)			[00780]
0.255	rn:R01074		(6.3.4.9)			[00780]
0.256	rn:R01074		(6.3.4.15)			[00780]
0.257	rn:R01074		(6.3.4.11)			[00780]
0.258	rn:R01074		(6.3.4.10)			[00780]
0.259	rn:R01077		(3.5.1.12)			[00780]
0.26	rn:R02571	reversible	(2.3.1.61)			[00310]
0.260	rn:R02237		(6.3.2.17)			[00790]
0.261	rn:R11765		(1.5.1.3)			[00790]
0.262	rn:R02975		(1.1.1.153)			[00790]
0.263	rn:R02975		(1.1.1.184)			[00790]
0.264	rn:R09562		(1.8.3.6)			[00900]
0.265	rn:R09562		(1.8.3.5)			[00900]
0.266	rn:R00533		(1.8.3.1)			[00920]
0.267	rn:R08678		(1.13.11.18)			[00920]
0.268	rn:R11929		(1.8.5.8)			[00920]
0.269	rn:R11905		(2.5.1.18)			[00983]
0.27	rn:R01939	reversible	(2.6.1.39)			[00300, 00310]
0.270	rn:R11904		(-.-.-.-)			[00983]
0.271	rn:R11902		(2.3.1.5)			[00983]
0.272	rn:R06601		(3.5.2.17)			[00230]
0.274	rn:R01214	reversible	(2.6.1.42)			[00280, 00290, 00770, 00966]
0.274	rn:R01214	reversible	(2.6.1.6)			[00280, 00290, 00770, 00966]
0.275	rn:R01090	reversible	(2.6.1.42)			[00280, 00290, 00966]
0.275	rn:R01090	reversible	(2.6.1.6)			[00280, 00290, 00966]
0.276	rn:R10119		(2.3.1.41)			[00780]
0.277	rn:R10115		(2.3.1.41)			[00780]
0.278	rn:R00801		(3.2.1.26)			[00052, 00500]
0.279	rn:R00526		(3.5.1.8)			[00340, 00630]
0.28	rn:R02313	reversible	(1.5.1.9)			[00310]
0.280	rn:R03889		(1.2.1.32)			[00380]
0.281	rn:R01579		(3.5.1.38)			[00471]
0.282	rn:R11262		(3.2.1.2)			[00500]
0.283	rn:R01961		(2.7.1.8)			[00520]
0.284	rn:R01709		(1.2.3.8)			[00750]
0.285	rn:R01851		(1.8.3.4)			[00920]
0.287	rn:R01481	reversible	(1.1.1.19)			[00040, 00053]
0.287	rn:R01481	reversible	(1.1.1.2)			[00040, 00053]
0.287	rn:R02640	reversible	(1.1.1.45)			[00040]
0.287	rn:R02933	reversible	(3.1.1.17)			[00053]
0.287	rn:R02933	reversible	(3.1.1.25)			[00053]
0.288	rn:R00485		(3.5.1.1)			[00250, 00460]
0.288	rn:R00487		(2.3.1.17)			[00250]
0.288	rn:R00488		(3.5.1.15)			[00250]
0.288	rn:R00578	reversible	(6.3.5.4)			[00250]
0.288	rn:R10678		(6.3.2.41)			[00250]
0.288	rn:R10678		(6.3.2.42)			[00250]
0.288	rn:R10687		(3.4.17.21)			[00250]
0.288	rn:R10688		(3.4.17.21)			[00250]
0.288	rn:R10693		(6.3.2.42)			[00250]
0.289	rn:R00689		(1.4.3.2)			[00360, 00400]
0.289	rn:R00694	reversible	(2.6.1.1)			[00360, 00400, 00960]
0.289	rn:R00694	reversible	(2.6.1.5)			[00360, 00400, 00960]
0.289	rn:R00694	reversible	(2.6.1.57)			[00360, 00400, 00960]
0.289	rn:R01378	reversible	(5.3.2.1)			[00360]
0.29	rn:R05085	reversible	(2.6.1.52)			[00750]
0.290	rn:R02527	reversible	(1.1.1.78)			[00620]
0.290	rn:R02527	reversible	(1.1.1.79)			[00620]
0.290	rn:R02530	reversible	(4.4.1.5)			[00620]
0.291	rn:R00160		(3.6.1.18)			[00740]
0.291	rn:R00160		(3.6.1.9)			[00740]
0.291	rn:R00161		(2.7.7.2)			[00740]
0.291	rn:R00548		(3.1.3.2)			[00740]
0.291	rn:R00549		(2.7.1.26)			[00740]
0.30	rn:R02619		(2.6.1.1)			[00270]
0.31	rn:R02466		(4.1.1.29)			[00430]
0.32	rn:R02466		(4.1.1.15)			[00430]
0.33	rn:R00893		(1.13.11.20)			[00270, 00430]
0.34	rn:R08744		(2.3.1.65)			[00120]
0.35	rn:R03718		(2.3.1.65)			[00120]
0.36	rn:R01881		(2.7.3.2)			[00330]
0.37	rn:R01883		(2.1.1.2)			[00260, 00330]
0.38	rn:R00565		(2.1.4.1)			[00260, 00330]
0.39	rn:R00259		(2.3.1.1)			[00220]
0.40	rn:R01989		(2.1.4.1)			[00330]
0.41	rn:R07495		(1.1.1.270)			[00100]
0.42	rn:R07494		(1.1.1.170)			[00100]
0.43	rn:R07509		(1.14.18.9)			[00100]
0.44	rn:R05639		(1.3.1.70)			[00100]
0.45	rn:R05640		(1.14.14.154)			[00100]
0.46	rn:R03199		(5.4.99.7)			[00100]
0.47	rn:R02874		(1.14.14.17)			[00100, 00909]
0.48	rn:R02872		(2.5.1.21)			[00100, 00909]
0.49	rn:R00702		(2.5.1.21)			[00100, 00906, 00909]
0.50	rn:R04496		(2.1.1.100)			[00900]
0.51	rn:R09845		(3.4.24.84)			[00900]
0.52	rn:R09844		(2.5.1.58)			[00900]
0.53	rn:R02003		(2.5.1.10)			[00900]
0.54	rn:R01658		(2.5.1.1)			[00900]
0.55	rn:R01121		(4.1.1.33)			[00900]
0.56	rn:R03245		(2.7.4.2)			[00900]
0.57	rn:R02245		(2.7.1.36)			[00900]
0.58	rn:R02082		(1.1.1.34)			[00900]
0.59	rn:R09450		(3.1.2.2)			[00062]
0.6	rn:R01457	reversible	(1.3.1.72)			[00100]
0.6	rn:R01461	reversible	(2.3.1.26)			[00100]
0.6	rn:R01462		(3.1.1.13)			[00100]
0.60	rn:R10828		(1.3.1.93)			[00062]
0.61	rn:R10827		(4.2.1.134)			[00062]
0.62	rn:R10826		(1.1.1.330)			[00062]
0.63	rn:R10825		(2.3.1.199)			[00062]
0.64	rn:R10119		(2.3.1.179)			[00780]
0.65	rn:R10115		(2.3.1.179)			[00780]
0.66	rn:R07460		(2.8.1.7)			[00730]
0.67	rn:R02106		(1.7.3.3)			[00230]
0.68	rn:R02107		(1.17.3.2)			[00230]
0.69	rn:R02103		(1.17.1.4)			[00230]
0.7	rn:R03404		(3.1.6.2)			[00140]
0.7	rn:R03405		(2.8.2.2)			[00140]
0.7	rn:R03408	reversible	(1.14.14.1)			[00140]
0.70	rn:R04620		(3.1.3.1)			[00790]
0.71	rn:R08208		(1.1.1.153)			[00790]
0.72	rn:R01813		(1.1.1.153)			[00790]
0.73	rn:R04285		(1.1.1.21)			[00790]
0.74	rn:R04285		(1.1.1.184)			[00790]
0.75	rn:R11764		(1.1.1.21)			[00790]
0.76	rn:R11763		(1.1.1.213)			[00790]
0.77	rn:R04286		(4.2.3.12)			[00790]
0.78	rn:R04639		(3.5.4.16)			[00790]
0.79	rn:R05048		(3.5.4.16)			[00790]
0.8	rn:R03327	reversible	(1.1.1.145)			[00140]
0.8	rn:R03327	reversible	(5.3.3.1)			[00140]
0.80	rn:R05046		(3.5.4.16)			[00790]
0.81	rn:R00428		(3.5.4.16)			[00790]
0.82	rn:R01430		(1.1.1.179)			[00040]
0.83	rn:R01184		(1.13.99.1)			[00053, 00562]
0.84	rn:R01478		(3.2.1.31)			[00040]
0.85	rn:R08615		(2.4.1.17)			[00053]
0.86	rn:R01384		(4.1.1.35)			[00520]
0.87	rn:R01801		(2.7.8.5)			[00564]
0.88	rn:R00590		(4.3.1.17)			[00270]
0.89	rn:R01394		(5.3.1.22)			[00630]
0.9	rn:R00508		(3.1.3.7)			[00920]
0.9	rn:R00509		(2.7.1.25)			[00230, 00920]
0.9	rn:R00529	reversible	(2.7.7.4)			[00230, 00261, 00920]
0.90	rn:R01013		(2.3.1.42)			[00564]
0.91	rn:R00912		(6.3.2.11)			[00410]
0.92	rn:R04065		(1.2.1.3)			[00340]
0.93	rn:R02150		(1.4.3.22)			[00340]
0.94	rn:R01167		(4.1.1.22)			[00340]
0.95	rn:R07363		(1.13.11.53)			[00270]
0.96	rn:R05050		(1.2.1.3)			[00330]
0.97	rn:R04025		(1.4.3.4)			[00330]
0.98	rn:R01154		(2.3.1.57)			[00330]
0.99	rn:R00111		(1.14.13.39)			[00330]
1	rn:R00014		(1.2.4.1)			[00010, 00020, 00620]
1	rn:R00014		(4.1.1.1)			[00010, 00020, 00620]
1	rn:R00028		(3.2.1.20)			[00500]
1	rn:R00086		(3.6.1.15)			[00230]
1	rn:R00086		(3.6.1.3)			[00230]
1	rn:R00086		(3.6.1.5)			[00230]
1	rn:R00087		(3.6.1.8)			[00230]
1	rn:R00087		(3.6.1.9)			[00230]
1	rn:R00089		(4.6.1.1)			[00230]
1	rn:R00102		(3.2.2.6)			[00760]
1	rn:R00103		(3.6.1.22)			[00760]
1	rn:R00103		(3.6.1.9)			[00760]
1	rn:R00104		(2.7.1.23)			[00760]
1	rn:R00112	reversible	(1.6.1.1)			[00760]
1	rn:R00112	reversible	(1.6.1.2)			[00760]
1	rn:R00115		(1.8.1.7)			[00480]
1	rn:R00119		(2.4.99.20)			[00760]
1	rn:R00122		(3.6.1.5)			[00230]
1	rn:R00124	reversible	(2.7.4.6)			[00230]
1	rn:R00127	reversible	(2.7.4.3)			[00230]
1	rn:R00130		(2.7.1.24)			[00770]
1	rn:R00137	reversible	(2.7.7.1)			[00760]
1	rn:R00137	reversible	(2.7.7.18)			[00760]
1	rn:R00149		(6.3.4.16)			[00220, 00250, 00910]
1	rn:R00155		(3.6.1.5)			[00240]
1	rn:R00155		(3.6.1.6)			[00240]
1	rn:R00156	reversible	(2.7.4.6)			[00240]
1	rn:R00158	reversible	(2.7.4.14)			[00240]
1	rn:R00158	reversible	(2.7.4.22)			[00240]
1	rn:R00159		(3.6.1.5)			[00240]
1	rn:R00177		(2.5.1.6)			[00270]
1	rn:R00178		(4.1.1.50)			[00270, 00330]
1	rn:R00181		(3.5.4.6)			[00230]
1	rn:R00183		(3.1.3.5)			[00230]
1	rn:R00185	reversible	(2.7.1.20)			[00230]
1	rn:R00185	reversible	(2.7.1.74)			[00230]
1	rn:R00190	reversible	(2.4.2.7)			[00230]
1	rn:R00191		(3.1.4.17)			[00230]
1	rn:R00191		(3.1.4.53)			[00230]
1	rn:R00192		(3.3.1.1)			[00270]
1	rn:R00200		(2.7.1.40)			[00010, 00230, 00620]
1	rn:R00200|R02320		(-.-.-.-)			[00010, 00230, 00620]
1	rn:R00214	reversible	(1.1.1.38)			[00620, 00710]
1	rn:R00216	reversible	(1.1.1.40)			[00620, 00710]
1	rn:R00220		(4.3.1.17)			[00260]
1	rn:R00220		(4.3.1.19)			[00260]
1	rn:R00227		(3.1.2.1)			[00620]
1	rn:R00233		(4.1.1.9)			[00410, 00640]
1	rn:R00235		(6.2.1.1)			[00010, 00630, 00680, 00720]
1	rn:R00236	reversible	(6.2.1.1)			[00620]
1	rn:R00238	reversible	(2.3.1.9)			[00071, 00072, 00280, 00310, 00362, 00380, 00620, 00630, 00640, 00650, 00720, 00900]
1	rn:R00239		(2.7.2.11)			[00330, 00332]
1	rn:R00243	reversible	(1.4.1.2)			[00220, 00250, 00430, 00471, 00910]
1	rn:R00243|R00248	reversible	(-.-.-.-)			[00220, 00250, 00430, 00471, 00910]
1	rn:R00243|R00248	reversible	(1.4.1.3)			[00220, 00250, 00430, 00471, 00910]
1	rn:R00245	reversible	(1.2.1.88)			[00330]
1	rn:R00251		(3.5.2.9)			[00480]
1	rn:R00253		(6.3.1.2)			[00220, 00250, 00630, 00910]
1	rn:R00256		(3.5.1.2)			[00220, 00250, 00471]
1	rn:R00256		(3.5.1.38)			[00220, 00250, 00471]
1	rn:R00258		(2.6.1.2)			[00220, 00250, 00710]
1	rn:R00261		(4.1.1.15)			[00250, 00650]
1	rn:R00267		(1.1.1.42)			[00480, 00720]
1	rn:R00268	reversible	(1.1.1.42)			[00020]
1	rn:R00274		(1.11.1.9)			[00480]
1	rn:R00286	reversible	(1.1.1.22)			[00040, 00053, 00520]
1	rn:R00287		(3.6.1.9)			[00240, 00500]
1	rn:R00289	reversible	(2.7.7.64)			[00040, 00052, 00500, 00520]
1	rn:R00289	reversible	(2.7.7.9)			[00040, 00052, 00500, 00520]
1	rn:R00291	reversible	(5.1.3.2)			[00052, 00520]
1	rn:R00292		(2.4.1.11)			[00500]
1	rn:R00299		(2.7.1.1)			[00500, 00521, 00524]
1	rn:R00299		(2.7.1.2)			[00500, 00521, 00524]
1	rn:R00303		(3.1.3.9)			[00500]
1	rn:R00316	reversible	(6.2.1.1)			[00620]
1	rn:R00328		(3.6.1.5)			[00230]
1	rn:R00328		(3.6.1.6)			[00230]
1	rn:R00330	reversible	(2.7.4.6)			[00230]
1	rn:R00332	reversible	(2.7.4.8)			[00230]
1	rn:R00333	reversible	(2.7.4.10)			[00230]
1	rn:R00335		(3.6.1.5)			[00230]
1	rn:R00336	reversible	(3.1.7.2)			[00230]
1	rn:R00342	reversible	(1.1.1.37)			[00020, 00620, 00630, 00680, 00710, 00720]
1	rn:R00344		(6.4.1.1)			[00020, 00620, 00720]
1	rn:R00351	reversible	(2.3.3.1)			[00020, 00630]
1	rn:R00352	reversible	(2.3.3.8)			[00020, 00720]
1	rn:R00355		(2.6.1.1)			[00220, 00250, 00710]
1	rn:R00366		(1.4.3.3)			[00260]
1	rn:R00367	reversible	(2.1.1.20)			[00260]
1	rn:R00371	reversible	(2.3.1.29)			[00260]
1	rn:R00372	reversible	(2.6.1.4)			[00260, 00630]
1	rn:R00372	reversible	(2.6.1.44)			[00260, 00630]
1	rn:R00375	reversible	(2.7.7.7)			[00230]
1	rn:R00376	reversible	(2.7.7.7)			[00230]
1	rn:R00377		(2.7.7.7)			[00240]
1	rn:R00378		(2.7.7.7)			[00240]
1	rn:R00405	reversible	(6.2.1.5)			[00020, 00640, 00720]
1	rn:R00410	reversible	(2.8.3.5)			[00072, 00280, 00650]
1	rn:R00414		(3.2.1.183)			[00520]
1	rn:R00416		(2.7.7.23)			[00520]
1	rn:R00426		(3.6.1.8)			[00230]
1	rn:R00426		(3.6.1.9)			[00230]
1	rn:R00430	reversible	(2.7.1.40)			[00230]
1	rn:R00431|R00726	reversible	(-.-.-.-)			[00010, 00020, 00620]
1	rn:R00431|R00726	reversible	(4.1.1.32)			[00010, 00020, 00620]
1	rn:R00432|R00727	reversible	(-.-.-.-)			[00020, 00640]
1	rn:R00432|R00727	reversible	(6.2.1.4)			[00020, 00640]
1	rn:R00434		(4.6.1.1)			[00230]
1	rn:R00434		(4.6.1.2)			[00230]
1	rn:R00435	reversible	(2.7.7.6)			[00230]
1	rn:R00437	reversible	(2.7.7.8)			[00230]
1	rn:R00438	reversible	(2.7.7.8)			[00240]
1	rn:R00439	reversible	(2.7.7.8)			[00230]
1	rn:R00440	reversible	(2.7.7.8)			[00240]
1	rn:R00441	reversible	(2.7.7.6)			[00230]
1	rn:R00442		(2.7.7.6)			[00240]
1	rn:R00443		(2.7.7.6)			[00240]
1	rn:R00465	reversible	(1.1.1.79)			[00630]
1	rn:R00470	reversible	(4.1.3.16)			[00630]
1	rn:R00471		(4.1.3.16)			[00330]
1	rn:R00475		(1.1.3.15)			[00630]
1	rn:R00494		(3.4.19.13)			[00480]
1	rn:R00497		(6.3.2.3)			[00480]
1	rn:R00503		(2.4.1.22)			[00052]
1	rn:R00511		(3.1.3.5)			[00240]
1	rn:R00512	reversible	(2.7.4.14)			[00240]
1	rn:R00513|R00516|R00517|R00962|R01548|R02091|R02096|R02371|R02372		(-.-.-.-)			[00240]
1	rn:R00513|R00516|R00517|R00962|R01548|R02091|R02096|R02371|R02372		(2.7.1.48)			[00240]
1	rn:R00514		(3.6.1.5)			[00240]
1	rn:R00515		(3.6.1.8)			[00240]
1	rn:R00515		(3.6.1.9)			[00240]
1	rn:R00551		(3.5.3.1)			[00220, 00330]
1	rn:R00557	reversible	(1.14.13.39)			[00220]
1	rn:R00566		(4.1.1.19)			[00330]
1	rn:R00569		(3.6.1.5)			[00240]
1	rn:R00570	reversible	(2.7.4.6)			[00240]
1	rn:R00571|R00573		(-.-.-.-)			[00240]
1	rn:R00571|R00573		(6.3.4.2)			[00240]
1	rn:R00575		(6.3.5.5)			[00240, 00250]
1	rn:R00582		(3.1.3.3)			[00260, 00680]
1	rn:R00585	reversible	(2.6.1.51)			[00260]
1	rn:R00588	reversible	(2.6.1.45)			[00260, 00630, 00680]
1	rn:R00589	reversible	(5.1.1.18)			[00260]
1	rn:R00610		(1.5.3.1)			[00260]
1	rn:R00611		(1.5.8.3)			[00260]
1	rn:R00615		(3.6.1.15)			[00730]
1	rn:R00618		(3.6.1.28)			[00730]
1	rn:R00619		(2.7.6.2)			[00730]
1	rn:R00621		(1.2.4.2)			[00020]
1	rn:R00648		(1.4.3.2)			[00270]
1	rn:R00650		(2.1.1.10)			[00270]
1	rn:R00658	reversible	(4.2.1.11)			[00010, 00680]
1	rn:R00662		(3.6.1.8)			[00240]
1	rn:R00662		(3.6.1.9)			[00240]
1	rn:R00667	reversible	(2.6.1.13)			[00330]
1	rn:R00670		(4.1.1.17)			[00330, 00480]
1	rn:R00703	reversible	(1.1.1.27)			[00010, 00620]
1	rn:R00705|R00706		(-.-.-.-)			[00410, 00562, 00640]
1	rn:R00705|R00706		(1.2.1.18)			[00410, 00562, 00640]
1	rn:R00707|R00708	reversible	(-.-.-.-)			[00250, 00330]
1	rn:R00707|R00708	reversible	(1.2.1.88)			[00250, 00330]
1	rn:R00709	reversible	(1.1.1.41)			[00020]
1	rn:R00710	reversible	(1.2.1.3)			[00010, 00620]
1	rn:R00711	reversible	(1.2.1.5)			[00010, 00620]
1	rn:R00713		(1.2.1.24)			[00250, 00350, 00650, 00760]
1	rn:R00742	reversible	(6.4.1.2)			[00061, 00254, 00620, 00640, 00720]
1	rn:R00746	reversible	(-.-.-.-)			[00010]
1	rn:R00746	reversible	(1.1.1.2)			[00010]
1	rn:R00748		(4.2.3.2)			[00564]
1	rn:R00751	reversible	(4.1.2.48)			[00260]
1	rn:R00754	reversible	(-.-.-.-)			[00010]
1	rn:R00754	reversible	(1.1.1.1)			[00010]
1	rn:R00760		(2.7.1.1)			[00500]
1	rn:R00765		(3.5.99.6)			[00520]
1	rn:R00768		(2.6.1.16)			[00250, 00520]
1	rn:R00771	reversible	(5.3.1.9)			[00500]
1	rn:R00782	reversible	(4.4.1.1)			[00270]
1	rn:R00833	reversible	(5.4.99.2)			[00280, 00630, 00640, 00720]
1	rn:R00842	reversible	(1.1.1.8)			[00564]
1	rn:R00842	reversible	(1.1.1.94)			[00564]
1	rn:R00847		(2.7.1.30)			[00561]
1	rn:R00848	reversible	(1.1.5.3)			[00564]
1	rn:R00851		(2.3.1.15)			[00561, 00564]
1	rn:R00866		(2.7.1.3)			[00051]
1	rn:R00867		(2.7.1.1)			[00051]
1	rn:R00875	reversible	(1.1.1.14)			[00051]
1	rn:R00885	reversible	(2.7.7.13)			[00051, 00520]
1	rn:R00891		(4.2.1.22)			[00260]
1	rn:R00894		(6.3.2.2)			[00480]
1	rn:R00896	reversible	(2.6.1.1)			[00270]
1	rn:R00899		(3.4.11.1)			[00480]
1	rn:R00899		(3.4.11.2)			[00480]
1	rn:R00904		(-.-.-.-)			[00410]
1	rn:R00904		(1.2.1.3)			[00410]
1	rn:R00904		(1.2.1.5)			[00410]
1	rn:R00905	reversible	(3.5.1.6)			[00240, 00410, 00770]
1	rn:R00908	reversible	(2.6.1.19)			[00410, 00640]
1	rn:R00908	reversible	(2.6.1.55)			[00410, 00640]
1	rn:R00910	reversible	(6.3.2.11)			[00410]
1	rn:R00922		(1.2.1.27)			[00280]
1	rn:R00923		(4.1.1.41)			[00640]
1	rn:R00924	reversible	(1.3.8.7)			[00410]
1	rn:R00926	reversible	(6.2.1.1)			[00640]
1	rn:R00926	reversible	(6.2.1.17)			[00640]
1	rn:R00927		(2.3.1.16)			[00280]
1	rn:R00936|R00939	reversible	(-.-.-.-)			[00670, 00790]
1	rn:R00936|R00939	reversible	(1.5.1.3)			[00670, 00790]
1	rn:R00937|R00940		(-.-.-.-)			[00670, 00790]
1	rn:R00937|R00940		(1.5.1.3)			[00670, 00790]
1	rn:R00941		(1.5.1.6)			[00670]
1	rn:R00942	reversible	(6.3.2.17)			[00790]
1	rn:R00943		(6.3.4.3)			[00670, 00720]
1	rn:R00945	reversible	(2.1.2.1)			[00260, 00460, 00630, 00670, 00680]
1	rn:R00946		(2.1.1.13)			[00270, 00670]
1	rn:R00955	reversible	(2.7.7.12)			[00052, 00520]
1	rn:R00959	reversible	(5.4.2.2)			[00010, 00052, 00520]
1	rn:R00963		(3.1.3.5)			[00240]
1	rn:R00964|R00967|R00968|R00970|R01549|R01880|R02097|R02327|R02332		(-.-.-.-)			[00240]
1	rn:R00964|R00967|R00968|R00970|R01549|R01880|R02097|R02327|R02332		(2.7.1.48)			[00240]
1	rn:R00965		(4.1.1.23)			[00240]
1	rn:R00966	reversible	(2.4.2.9)			[00240]
1	rn:R00978	reversible	(1.3.1.2)			[00240, 00410, 00770]
1	rn:R00996		(4.3.1.19)			[00260, 00290]
1	rn:R01000	reversible	(1.1.1.27)			[00640]
1	rn:R01001	reversible	(4.4.1.1)			[00260, 00270]
1	rn:R01015	reversible	(5.3.1.1)			[00010, 00051, 00562, 00710]
1	rn:R01021		(2.7.1.32)			[00564]
1	rn:R01023		(2.3.1.6)			[00564]
1	rn:R01025		(1.1.99.1)			[00260]
1	rn:R01026		(3.1.1.7)			[00564]
1	rn:R01030		(3.1.4.2)			[00564]
1	rn:R01030		(3.1.4.46)			[00564]
1	rn:R01036|R01041	reversible	(-.-.-.-)			[00561]
1	rn:R01036|R01041	reversible	(1.1.1.21)			[00561]
1	rn:R01041	reversible	(1.1.1.2)			[00561]
1	rn:R01049	reversible	(2.7.6.1)			[00030, 00230]
1	rn:R01051	reversible	(2.7.1.15)			[00030]
1	rn:R01056	reversible	(5.3.1.6)			[00030, 00710]
1	rn:R01057	reversible	(5.4.2.2)			[00030, 00230]
1	rn:R01057	reversible	(5.4.2.7)			[00030, 00230]
1	rn:R01059		(2.7.1.28)			[00051]
1	rn:R01061	reversible	(1.2.1.12)			[00010, 00710]
1	rn:R01066	reversible	(4.1.2.4)			[00030]
1	rn:R01070	reversible	(4.1.2.13)			[00010, 00030, 00051]
1	rn:R01072		(2.4.2.14)			[00230, 00250]
1	rn:R01082	reversible	(4.2.1.2)			[00020, 00620, 00720]
1	rn:R01083		(4.3.2.2)			[00230, 00250]
1	rn:R01086		(4.3.2.1)			[00220, 00250]
1	rn:R01092		(2.7.1.6)			[00052, 00520]
1	rn:R01093|R01095	reversible	(-.-.-.-)			[00052]
1	rn:R01093|R01095	reversible	(1.1.1.21)			[00052]
1	rn:R01104	reversible	(3.2.1.22)			[00052]
1	rn:R01117	reversible	(2.7.7.43)			[00520]
1	rn:R01126		(3.1.3.5)			[00230]
1	rn:R01127	reversible	(2.1.2.3)			[00230]
1	rn:R01127	reversible	(3.5.4.10)			[00230]
1	rn:R01130		(1.1.1.205)			[00230]
1	rn:R01132	reversible	(2.4.2.8)			[00230]
1	rn:R01134		(1.7.1.7)			[00230]
1	rn:R01135		(6.3.4.4)			[00230, 00250]
1	rn:R01137	reversible	(2.7.4.6)			[00230]
1	rn:R01138	reversible	(2.7.1.40)			[00230]
1	rn:R01151		(1.4.3.10)			[00330]
1	rn:R01151		(1.4.3.22)			[00330]
1	rn:R01157		(3.5.3.11)			[00330]
1	rn:R01164		(6.3.2.11)			[00340, 00410]
1	rn:R01166		(3.4.13.18)			[00340, 00410]
1	rn:R01166		(3.4.13.20)			[00340, 00410]
1	rn:R01168		(4.3.1.3)			[00340]
1	rn:R01175		(1.3.3.6)			[00071, 00650]
1	rn:R01175		(1.3.8.1)			[00071, 00650]
1	rn:R01175		(1.3.8.7)			[00071, 00650]
1	rn:R01177	reversible	(2.3.1.16)			[00062, 00071]
1	rn:R01177	reversible	(2.3.1.9)			[00062, 00071]
1	rn:R01186		(3.1.3.25)			[00562]
1	rn:R01187		(3.1.3.25)			[00521, 00562]
1	rn:R01194	reversible	(3.2.1.22)			[00052]
1	rn:R01201		(2.7.1.59)			[00520]
1	rn:R01207	reversible	(5.1.3.8)			[00520]
1	rn:R01218	reversible	(1.5.1.15)			[00670]
1	rn:R01220	reversible	(1.5.1.5)			[00670, 00720]
1	rn:R01221		(-.-.-.-)			[00630]
1	rn:R01224		(-.-.-.-)			[00670]
1	rn:R01224|R07168		(1.5.1.20)			[00670, 00720]
1	rn:R01227		(3.1.3.5)			[00230]
1	rn:R01229	reversible	(2.4.2.7)			[00230]
1	rn:R01229	reversible	(2.4.2.8)			[00230]
1	rn:R01230|R01231		(-.-.-.-)			[00230]
1	rn:R01230|R01231		(6.3.5.2)			[00230]
1	rn:R01234		(3.1.4.17|3.1.4.35)			[00230]
1	rn:R01248|R01251	reversible	(-.-.-.-)			[00330]
1	rn:R01248|R01251	reversible	(1.5.1.2)			[00330]
1	rn:R01252		(1.14.11.2)			[00330]
1	rn:R01262		(2.3.2.2)			[00480]
1	rn:R01271	reversible	(2.4.2.12)			[00760]
1	rn:R01274		(3.1.2.2)			[00062, 01040]
1	rn:R01274		(3.1.2.22)			[00062, 01040]
1	rn:R01278		(1.3.1.38)			[00062]
1	rn:R01279		(1.3.3.6)			[00071]
1	rn:R01279		(1.3.8.7)			[00071]
1	rn:R01279		(1.3.8.8)			[00071]
1	rn:R01279		(1.3.8.9)			[00071]
1	rn:R01280	reversible	(6.2.1.3)			[00061, 00071]
1	rn:R01281		(2.3.1.50)			[00600]
1	rn:R01286		(4.4.1.8)			[00270]
1	rn:R01290		(4.2.1.22)			[00260, 00270]
1	rn:R01310		(3.1.4.4)			[00564]
1	rn:R01315		(3.1.1.4)			[00564]
1	rn:R01316		(3.1.1.32)			[00564]
1	rn:R01317	reversible	(3.1.1.4)			[00590]
1	rn:R01318		(2.3.1.23)			[00564]
1	rn:R01320		(2.1.1.71)			[00564]
1	rn:R01321		(2.7.8.2)			[00564]
1	rn:R01325	reversible	(4.2.1.3)			[00020, 00630, 00720]
1	rn:R01326		(2.7.1.1)			[00051, 00520]
1	rn:R01329	reversible	(3.2.1.22)			[00052]
1	rn:R01350		(3.1.1.34)			[00561]
1	rn:R01351		(3.1.1.23)			[00561]
1	rn:R01354	reversible	(6.2.1.1)			[00640]
1	rn:R01354	reversible	(6.2.1.17)			[00640]
1	rn:R01357		(6.2.1.16)			[00280, 00650]
1	rn:R01360		(4.1.3.4)			[00072, 00280, 00650]
1	rn:R01361	reversible	(1.1.1.30)			[00072, 00650]
1	rn:R01383	reversible	(-.-.-.-)			[00040]
1	rn:R01383	reversible	(2.4.1.17)			[00040]
1	rn:R01388|R01392	reversible	(-.-.-.-)			[00260, 00630, 00680]
1	rn:R01388|R01392	reversible	(1.1.1.81)			[00260, 00630, 00680]
1	rn:R01392		(1.1.1.79)			[00260, 00630]
1	rn:R01397		(2.1.3.2)			[00240, 00250]
1	rn:R01398		(2.1.3.3)			[00220]
1	rn:R01402		(2.4.2.28)			[00270]
1	rn:R01415	reversible	(1.3.1.2)			[00240]
1	rn:R01431	reversible	(1.1.1.21)			[00040]
1	rn:R01465		(1.1.1.103)			[00260]
1	rn:R01468		(2.7.1.82)			[00564]
1	rn:R01470		(3.1.4.2)			[00564]
1	rn:R01470		(3.1.4.46)			[00564]
1	rn:R01494		(3.5.1.23)			[00600]
1	rn:R01495		(2.7.1.138)			[00600]
1	rn:R01496		(2.3.1.24)			[00600]
1	rn:R01497		(2.4.1.80)			[00600]
1	rn:R01498		(3.2.1.45)			[00600]
1	rn:R01500		(2.4.1.47)			[00600]
1	rn:R01512	reversible	(2.7.2.3)			[00010, 00710]
1	rn:R01513	reversible	(-.-.-.-)			[00260, 00680]
1	rn:R01513	reversible	(1.1.1.95)			[00260, 00680]
1	rn:R01516	reversible	(5.4.2.11)			[00010]
1	rn:R01518	reversible	(5.4.2.11)			[00010, 00260, 00680]
1	rn:R01528		(1.1.1.44)			[00030, 00480]
1	rn:R01529	reversible	(5.1.3.1)			[00030, 00040, 00710]
1	rn:R01547	reversible	(2.7.4.3)			[00230]
1	rn:R01560		(3.5.4.4)			[00230]
1	rn:R01561	reversible	(2.4.2.1)			[00230]
1	rn:R01565		(1.5.8.4)			[00260]
1	rn:R01567		(2.7.1.21)			[00240]
1	rn:R01569		(3.1.3.5)			[00240]
1	rn:R01570		(2.4.2.4)			[00240]
1	rn:R01600		(2.7.1.1)			[00010]
1	rn:R01600		(2.7.1.2)			[00010]
1	rn:R01602	reversible	(5.1.3.3)			[00010]
1	rn:R01624		(2.3.1.85)			[00061]
1	rn:R01625		(2.7.8.7)			[00770]
1	rn:R01626	reversible	(2.3.1.39)			[00061]
1	rn:R01626	reversible	(2.3.1.85)			[00061]
1	rn:R01639	reversible	(2.7.1.17)			[00040]
1	rn:R01641	reversible	(2.2.1.1)			[00030, 00710]
1	rn:R01648	reversible	(2.6.1.19)			[00250, 00650]
1	rn:R01655	reversible	(3.5.4.9)			[00670, 00720]
1	rn:R01662	reversible	(5.4.2.4)			[00010]
1	rn:R01663		(3.5.4.12)			[00240]
1	rn:R01664		(3.1.3.5)			[00240]
1	rn:R01665	reversible	(2.7.4.14)			[00240]
1	rn:R01666		(2.7.1.74)			[00240]
1	rn:R01667		(3.6.1.12)			[00240]
1	rn:R01668		(3.6.1.12)			[00240]
1	rn:R01676		(3.5.4.3)			[00230]
1	rn:R01678		(3.2.1.108)			[00052]
1	rn:R01678		(3.2.1.23)			[00052]
1	rn:R01706		(2.3.1.85)			[00061]
1	rn:R01752	reversible	(1.2.1.3)			[00561]
1	rn:R01768		(1.17.1.4)			[00230]
1	rn:R01769		(1.17.3.2)			[00230]
1	rn:R01786	reversible	(2.7.1.1)			[00010, 00052, 00520]
1	rn:R01786	reversible	(2.7.1.2)			[00010, 00052, 00520]
1	rn:R01787	reversible	(1.1.1.21)			[00051]
1	rn:R01788	reversible	(3.1.3.9)			[00010, 00052]
1	rn:R01790		(3.2.1.3)			[00500]
1	rn:R01791		(3.2.1.10)			[00500]
1	rn:R01791		(3.2.1.3)			[00500]
1	rn:R01799		(2.7.7.41)			[00564]
1	rn:R01802		(2.7.8.11)			[00562, 00564]
1	rn:R01804		(2.5.1.56)			[00520]
1	rn:R01805		(3.1.3.29)			[00520]
1	rn:R01811		(4.1.3.3)			[00520]
1	rn:R01818	reversible	(5.4.2.8)			[00051, 00520]
1	rn:R01819	reversible	(5.3.1.8)			[00051, 00520]
1	rn:R01827	reversible	(2.2.1.2)			[00030]
1	rn:R01830	reversible	(2.2.1.1)			[00030]
1	rn:R01855		(-.-.-.-)			[00230]
1	rn:R01857	reversible	(2.7.4.6)			[00230]
1	rn:R01858		(2.7.1.40)			[00230]
1	rn:R01859		(6.4.1.3)			[00280, 00630, 00640, 00720]
1	rn:R01863	reversible	(2.4.2.1)			[00230]
1	rn:R01868	reversible	(1.3.5.2)			[00240]
1	rn:R01870	reversible	(2.4.2.10)			[00240]
1	rn:R01876	reversible	(2.4.2.3)			[00240]
1	rn:R01878		(3.5.4.5)			[00240]
1	rn:R01890		(2.7.7.15)			[00564]
1	rn:R01896	reversible	(1.1.1.14)			[00040]
1	rn:R01896	reversible	(1.1.1.9)			[00040]
1	rn:R01899	reversible	(1.1.1.42)			[00020]
1	rn:R01900	reversible	(4.2.1.3)			[00020, 00630, 00720]
1	rn:R01904	reversible	(1.1.1.10)			[00040]
1	rn:R01920		(2.5.1.16)			[00270, 00330, 00480]
1	rn:R01926		(2.7.1.91)			[00600]
1	rn:R01954		(6.3.4.5)			[00220, 00250]
1	rn:R01967	reversible	(2.7.1.113)			[00230]
1	rn:R01968	reversible	(3.1.3.5)			[00230]
1	rn:R01969	reversible	(2.4.2.1)			[00230]
1	rn:R01975	reversible	(1.1.1.35)			[00071, 00310, 00380, 00650, 00720]
1	rn:R01978		(2.3.3.10)			[00072, 00280, 00650, 00900]
1	rn:R01986|R02549		(-.-.-.-)			[00330, 00410]
1	rn:R01986|R02549		(1.2.1.3)			[00330, 00410]
1	rn:R01991	reversible	(6.3.2.11)			[00330]
1	rn:R01992		(3.4.13.18)			[00330]
1	rn:R01992		(3.4.13.20)			[00330]
1	rn:R01993	reversible	(3.5.2.3)			[00240]
1	rn:R02017		(1.17.4.1)			[00230]
1	rn:R02018		(1.17.4.1)			[00240]
1	rn:R02019		(1.17.4.1)			[00230]
1	rn:R02024		(1.17.4.1)			[00240]
1	rn:R02035		(3.1.1.31)			[00030]
1	rn:R02038		(2.7.7.14)			[00564]
1	rn:R02050	reversible	(2.6.1.40)			[00280]
1	rn:R02051		(3.1.4.4)			[00564]
1	rn:R02053		(3.1.1.4)			[00564]
1	rn:R02054		(3.1.1.32)			[00564]
1	rn:R02055		(4.1.1.65)			[00564]
1	rn:R02056		(2.1.1.17)			[00564]
1	rn:R02057		(2.7.8.1)			[00564]
1	rn:R02058		(2.3.1.4)			[00520]
1	rn:R02059		(3.5.1.25)			[00520]
1	rn:R02085	reversible	(4.2.1.18)			[00280]
1	rn:R02088	reversible	(3.1.3.5)			[00230]
1	rn:R02090	reversible	(2.7.4.8)			[00230]
1	rn:R02092		(3.6.1.5)			[00240]
1	rn:R02093	reversible	(2.7.4.6)			[00240]
1	rn:R02094	reversible	(2.7.4.9)			[00240]
1	rn:R02095		(3.6.1.5)			[00240]
1	rn:R02098	reversible	(2.7.4.9)			[00240]
1	rn:R02099		(2.7.1.21)			[00240]
1	rn:R02100		(3.6.1.23)			[00240]
1	rn:R02101		(2.1.1.45)			[00240, 00670]
1	rn:R02102		(3.1.3.5)			[00240]
1	rn:R02110		(2.4.1.18)			[00500]
1	rn:R02111		(2.4.1.1)			[00500]
1	rn:R02112		(3.2.1.1)			[00500]
1	rn:R02112		(3.2.1.2)			[00500]
1	rn:R02114		(2.3.1.43)			[00564]
1	rn:R02135		(3.1.3.1)			[00730]
1	rn:R02135		(3.1.3.100)			[00730]
1	rn:R02135		(3.1.3.2)			[00730]
1	rn:R02142	reversible	(2.4.2.8)			[00230]
1	rn:R02144		(2.1.1.22)			[00340]
1	rn:R02147	reversible	(2.4.2.1)			[00230]
1	rn:R02164	reversible	(1.3.5.1)			[00020, 00620, 00650, 00720]
1	rn:R02235|R02236	reversible	(-.-.-.-)			[00670, 00790]
1	rn:R02235|R02236	reversible	(1.5.1.3)			[00670, 00790]
1	rn:R02239		(3.1.3.4)			[00561, 00564]
1	rn:R02239		(3.1.3.81)			[00561, 00564]
1	rn:R02240		(2.7.1.107)			[00561, 00564]
1	rn:R02241		(2.3.1.51)			[00561, 00564]
1	rn:R02250		(3.1.1.3)			[00561]
1	rn:R02251		(2.3.1.20)			[00561]
1	rn:R02269	reversible	(3.5.2.2)			[00240, 00410, 00770]
1	rn:R02287	reversible	(2.1.2.5)			[00340, 00670]
1	rn:R02288		(3.5.2.7)			[00340]
1	rn:R02294	reversible	(2.4.2.1)			[00760]
1	rn:R02297	reversible	(2.4.2.1)			[00230]
1	rn:R02300		(2.1.2.10)			[00670]
1	rn:R02301		(6.3.3.2)			[00670]
1	rn:R02302	reversible	(4.3.1.4)			[00670]
1	rn:R02323		(3.1.3.5)			[00760]
1	rn:R02324		(2.7.1.22)			[00760]
1	rn:R02326	reversible	(2.7.4.6)			[00240]
1	rn:R02331	reversible	(2.7.4.6)			[00240]
1	rn:R02464		(4.1.2.27)			[00600]
1	rn:R02484		(2.4.2.1)			[00240]
1	rn:R02484		(2.4.2.4)			[00240]
1	rn:R02484	reversible	(2.4.2.3)			[00240]
1	rn:R02485		(3.5.4.5)			[00240]
1	rn:R02541		(3.1.4.12)			[00600]
1	rn:R02556	reversible	(3.5.4.4)			[00230]
1	rn:R02557	reversible	(2.4.2.1)			[00230]
1	rn:R02565|R02566		(-.-.-.-)			[00260]
1	rn:R02565|R02566		(1.2.1.8)			[00260]
1	rn:R02568	reversible	(4.1.2.13)			[00051]
1	rn:R02569	reversible	(2.3.1.12)			[00010, 00020, 00620]
1	rn:R02570	reversible	(2.3.1.61)			[00020]
1	rn:R02661		(1.3.8.1)			[00280]
1	rn:R02661	reversible	(1.3.8.7)			[00280]
1	rn:R02661	reversible	(1.3.99.12)			[00280]
1	rn:R02662		(2.3.1.168)			[00280]
1	rn:R02687		(3.1.1.3)			[00561]
1	rn:R02705		(2.7.1.60)			[00520]
1	rn:R02719		(3.1.3.5)			[00230]
1	rn:R02736		(1.1.1.49)			[00030, 00480]
1	rn:R02736|R10907		(-.-.-.-)			[00030, 00480]
1	rn:R02736|R10907		(1.1.1.363)			[00030, 00480]
1	rn:R02739	reversible	(5.3.1.9)			[00010, 00030]
1	rn:R02740	reversible	(5.3.1.9)			[00010, 00030, 00520]
1	rn:R02743		(4.3.2.9)			[00480]
1	rn:R02746		(3.1.1.5)			[00564]
1	rn:R02747		(3.1.1.5)			[00564]
1	rn:R02748		(2.4.2.1)			[00230]
1	rn:R02749	reversible	(5.4.2.7)			[00030]
1	rn:R02750	reversible	(2.7.1.15)			[00030]
1	rn:R02757		(2.7.1.94)			[00561]
1	rn:R02765	reversible	(5.1.99.1)			[00280, 00630, 00640, 00720]
1	rn:R02821		(2.1.1.5)			[00260, 00270]
1	rn:R02869	reversible	(2.5.1.16)			[00270, 00330, 00410, 00480]
1	rn:R02869	reversible	(2.5.1.22)			[00270, 00330, 00410, 00480]
1	rn:R02914		(4.2.1.49)			[00340]
1	rn:R02921	reversible	(2.7.7.40)			[00040, 00515]
1	rn:R02926	reversible	(3.2.1.22)			[00052]
1	rn:R02976		(2.7.1.91)			[00600]
1	rn:R02978		(1.1.1.102)			[00600]
1	rn:R03026	reversible	(4.2.1.17)			[00071, 00310, 00362, 00380, 00627, 00650, 00720]
1	rn:R03035	reversible	(2.7.7.3)			[00770]
1	rn:R03036	reversible	(3.6.1.9)			[00770]
1	rn:R03045	reversible	(4.2.1.17)			[00410, 00640, 00720]
1	rn:R03055	reversible	(3.5.2.2)			[00240]
1	rn:R03105		(2.8.1.2)			[00270]
1	rn:R03158	reversible	(3.1.2.4)			[00410, 00640]
1	rn:R03167		(1.11.1.12)			[00480]
1	rn:R03172		(1.3.99.12)			[00280]
1	rn:R03172	reversible	(1.3.8.1)			[00280]
1	rn:R03172	reversible	(1.3.8.7)			[00280]
1	rn:R03174		(2.3.1.168)			[00280]
1	rn:R03189		(2.1.2.5)			[00670]
1	rn:R03269		(4.1.1.36)			[00770]
1	rn:R03270		(1.2.4.1)			[00010, 00020, 00620]
1	rn:R03286		(6.3.2.11)			[00340, 00410]
1	rn:R03288		(3.4.13.20)			[00340, 00410]
1	rn:R03291|R03293		(-.-.-.-)			[00330]
1	rn:R03291|R03293		(1.5.1.2)			[00330]
1	rn:R03295		(1.5.5.3)			[00330]
1	rn:R03313		(1.2.1.41)			[00330, 00332]
1	rn:R03316		(1.2.4.2)			[00020]
1	rn:R03321	reversible	(5.3.1.9)			[00010]
1	rn:R03354		(2.4.1.274)			[00600]
1	rn:R03355		(3.2.1.23)			[00600]
1	rn:R03361		(2.7.1.67)			[00562]
1	rn:R03362		(2.7.1.137)			[00562]
1	rn:R03363		(3.1.3.64)			[00562]
1	rn:R03383		(-.-.-.-)			[00280]
1	rn:R03393		(3.1.3.57)			[00562]
1	rn:R03394		(3.1.3.56)			[00562]
1	rn:R03409	reversible	(3.6.1.11)			[00230]
1	rn:R03416		(3.1.1.5)			[00564]
1	rn:R03417		(3.1.1.5)			[00564]
1	rn:R03424		(2.1.1.71)			[00564]
1	rn:R03425		(1.4.4.2)			[00260]
1	rn:R03427		(3.1.3.57)			[00562]
1	rn:R03428		(2.7.1.159)			[00562]
1	rn:R03430		(3.1.3.56)			[00562]
1	rn:R03433		(2.7.1.127)			[00562]
1	rn:R03434		(3.1.3.62)			[00562]
1	rn:R03435		(3.1.4.11)			[00562]
1	rn:R03469		(2.7.1.68)			[00562]
1	rn:R03522		(2.5.1.18)			[00480]
1	rn:R03617		(3.2.1.46)			[00600]
1	rn:R03749		(4.3.2.9)			[00480]
1	rn:R03755|R03756		(-.-.-.-)			[00561]
1	rn:R03755|R03756		(2.3.1.22)			[00561]
1	rn:R03776		(1.3.1.38)			[00062]
1	rn:R03777		(1.3.3.6)			[00071]
1	rn:R03777		(1.3.8.7)			[00071]
1	rn:R03777		(1.3.8.8)			[00071]
1	rn:R03778	reversible	(2.3.1.16)			[00062, 00071]
1	rn:R03815		(1.8.1.4)			[00260]
1	rn:R03856		(1.3.1.38)			[00062]
1	rn:R03857		(1.3.3.6)			[00071]
1	rn:R03857		(1.3.8.7)			[00071]
1	rn:R03857		(1.3.8.8)			[00071]
1	rn:R03858	reversible	(2.3.1.16)			[00062, 00071]
1	rn:R03869		(1.2.1.3)			[00280]
1	rn:R03871		(1.2.3.1)			[00280]
1	rn:R03915|R02824		(-.-.-.-)			[00480]
1	rn:R03915|R02824		(1.8.4.2)			[00480]
1	rn:R03916		(2.3.2.2)			[00480]
1	rn:R03940		(2.1.2.9)			[00670, 00970]
1	rn:R03989		(1.3.1.38)			[00062]
1	rn:R03990		(1.3.3.6)			[00071]
1	rn:R03990		(1.3.8.7)			[00071]
1	rn:R03990		(1.3.8.8)			[00071]
1	rn:R03990		(1.3.8.9)			[00071]
1	rn:R03991	reversible	(2.3.1.16)			[00062, 00071]
1	rn:R04017	reversible	(2.8.2.11)			[00600]
1	rn:R04095	reversible	(1.3.8.4)			[00280]
1	rn:R04095	reversible	(1.3.8.7)			[00280]
1	rn:R04097		(2.3.1.168)			[00280]
1	rn:R04125		(2.1.2.10)			[00260, 00670]
1	rn:R04137	reversible	(4.2.1.17)			[00280]
1	rn:R04138		(6.4.1.4)			[00280]
1	rn:R04144		(6.3.4.13)			[00230]
1	rn:R04170	reversible	(4.2.1.17)			[00062, 00071]
1	rn:R04170	reversible	(4.2.1.74)			[00062, 00071]
1	rn:R04173	reversible	(-.-.-.-)			[00260, 00680]
1	rn:R04173	reversible	(2.6.1.52)			[00260, 00680]
1	rn:R04188	reversible	(2.6.1.22)			[00280]
1	rn:R04203	reversible	(1.1.1.178)			[00280]
1	rn:R04203	reversible	(1.1.1.35)			[00280]
1	rn:R04204		(4.2.1.17)			[00280]
1	rn:R04208		(6.3.3.1)			[00230]
1	rn:R04209	reversible	(4.1.1.21)			[00230]
1	rn:R04224		(4.2.1.17)			[00280]
1	rn:R04230		(6.3.2.51)			[00770]
1	rn:R04241	reversible	(6.3.2.17)			[00790]
1	rn:R04242		(3.4.19.9)			[00790]
1	rn:R04325		(2.1.2.2)			[00230, 00670]
1	rn:R04326		(2.1.2.2)			[00670]
1	rn:R04355		(2.3.1.179)			[00061]
1	rn:R04355		(2.3.1.85)			[00061]
1	rn:R04372		(3.1.3.66)			[00562]
1	rn:R04378	reversible	(2.4.2.7)			[00230]
1	rn:R04404		(3.1.3.36)			[00562]
1	rn:R04420		(5.3.1.23)			[00270]
1	rn:R04428	reversible	(2.3.1.85)			[00061]
1	rn:R04430	reversible	(1.3.1.104)			[00061]
1	rn:R04430	reversible	(2.3.1.85)			[00061]
1	rn:R04432	reversible	(-.-.-.-)			[00640]
1	rn:R04432	reversible	(1.3.8.7)			[00640]
1	rn:R04435	reversible	(2.5.1.57)			[00520]
1	rn:R04444|R04445		(-.-.-.-)			[00330]
1	rn:R04444|R04445		(1.2.1.88)			[00330]
1	rn:R04463		(6.3.5.3)			[00230]
1	rn:R04480		(2.3.1.23)			[00564]
1	rn:R04513		(3.1.3.67)			[00562]
1	rn:R04533	reversible	(2.3.1.85)			[00061]
1	rn:R04534	reversible	(2.3.1.85)			[00061]
1	rn:R04535	reversible	(2.3.1.85)			[00061]
1	rn:R04536	reversible	(2.3.1.85)			[00061]
1	rn:R04537	reversible	(2.3.1.85)			[00061]
1	rn:R04543	reversible	(2.3.1.85)			[00061]
1	rn:R04544	reversible	(2.3.1.85)			[00061]
1	rn:R04545		(2.7.1.153)			[00562]
1	rn:R04559	reversible	(4.3.2.2)			[00230]
1	rn:R04560		(2.1.2.3)			[00230, 00670]
1	rn:R04566	reversible	(2.3.1.85)			[00061]
1	rn:R04568	reversible	(2.3.1.85)			[00061]
1	rn:R04591	reversible	(6.3.2.6)			[00230]
1	rn:R04666		(3.5.1.6)			[00240]
1	rn:R04725	reversible	(1.3.1.104)			[00061]
1	rn:R04725	reversible	(2.3.1.85)			[00061]
1	rn:R04726		(2.3.1.179)			[00061]
1	rn:R04726		(2.3.1.85)			[00061]
1	rn:R04737	reversible	(1.1.1.211)			[00062, 00071]
1	rn:R04737	reversible	(1.1.1.35)			[00062, 00071]
1	rn:R04738	reversible	(4.2.1.17)			[00062, 00071]
1	rn:R04738	reversible	(4.2.1.74)			[00062, 00071]
1	rn:R04739	reversible	(1.1.1.211)			[00062, 00071]
1	rn:R04739	reversible	(1.1.1.35)			[00062, 00071]
1	rn:R04740	reversible	(4.2.1.17)			[00062, 00071]
1	rn:R04740	reversible	(4.2.1.74)			[00062, 00071]
1	rn:R04741	reversible	(1.1.1.211)			[00062, 00071]
1	rn:R04741	reversible	(1.1.1.35)			[00062, 00071]
1	rn:R04742	reversible	(2.3.1.16)			[00062, 00071]
1	rn:R04743	reversible	(1.1.1.211)			[00062, 00071]
1	rn:R04743	reversible	(1.1.1.35)			[00062, 00071]
1	rn:R04744	reversible	(4.2.1.17)			[00062, 00071]
1	rn:R04744	reversible	(4.2.1.74)			[00062, 00071]
1	rn:R04745	reversible	(1.1.1.211)			[00062, 00071]
1	rn:R04745	reversible	(1.1.1.35)			[00062, 00071]
1	rn:R04746	reversible	(4.2.1.17)			[00062, 00071]
1	rn:R04746	reversible	(4.2.1.74)			[00062, 00071]
1	rn:R04747	reversible	(2.3.1.16)			[00062, 00071]
1	rn:R04748	reversible	(1.1.1.211)			[00062, 00071]
1	rn:R04748	reversible	(1.1.1.35)			[00062, 00071]
1	rn:R04749	reversible	(4.2.1.17)			[00062, 00071]
1	rn:R04749	reversible	(4.2.1.74)			[00062, 00071]
1	rn:R04751		(1.3.3.6)			[00071]
1	rn:R04751		(1.3.8.1)			[00071]
1	rn:R04751		(1.3.8.7)			[00071]
1	rn:R04751		(1.3.8.8)			[00071]
1	rn:R04753		(1.3.1.38)			[00062]
1	rn:R04754		(1.3.3.6)			[00071]
1	rn:R04754		(1.3.8.7)			[00071]
1	rn:R04754		(1.3.8.8)			[00071]
1	rn:R04779		(2.7.1.11)			[00010, 00030, 00051]
1	rn:R04780		(3.1.3.11)			[00010, 00030, 00051]
1	rn:R04856		(3.1.6.1)			[00600]
1	rn:R04856		(3.1.6.8)			[00600]
1	rn:R04858		(2.1.1.37)			[00270]
1	rn:R04951		(3.4.11.1)			[00480]
1	rn:R04951		(3.4.11.2)			[00480]
1	rn:R04952		(2.3.1.179)			[00061]
1	rn:R04952		(2.3.1.85)			[00061]
1	rn:R04953	reversible	(2.3.1.85)			[00061]
1	rn:R04954	reversible	(2.3.1.85)			[00061]
1	rn:R04956	reversible	(1.3.1.104)			[00061]
1	rn:R04956	reversible	(2.3.1.85)			[00061]
1	rn:R04957		(2.3.1.179)			[00061]
1	rn:R04957		(2.3.1.85)			[00061]
1	rn:R04959	reversible	(1.3.1.104)			[00061]
1	rn:R04959	reversible	(2.3.1.85)			[00061]
1	rn:R04960		(2.3.1.179)			[00061]
1	rn:R04960		(2.3.1.85)			[00061]
1	rn:R04962	reversible	(1.3.1.104)			[00061]
1	rn:R04962	reversible	(2.3.1.85)			[00061]
1	rn:R04963		(2.3.1.179)			[00061]
1	rn:R04963		(2.3.1.85)			[00061]
1	rn:R04964	reversible	(2.3.1.85)			[00061]
1	rn:R04965	reversible	(2.3.1.85)			[00061]
1	rn:R04967	reversible	(1.3.1.104)			[00061]
1	rn:R04967	reversible	(2.3.1.85)			[00061]
1	rn:R04968		(2.3.1.179)			[00061]
1	rn:R04968		(2.3.1.85)			[00061]
1	rn:R04970	reversible	(1.3.1.104)			[00061]
1	rn:R04970	reversible	(2.3.1.85)			[00061]
1	rn:R05052		(2.6.1.1)			[00330]
1	rn:R05064		(3.1.2.4)			[00280]
1	rn:R05066	reversible	(1.1.1.31)			[00280]
1	rn:R05066	reversible	(1.1.1.35)			[00280]
1	rn:R05795		(2.7.1.154)			[00562]
1	rn:R05802		(2.7.1.150)			[00562]
1	rn:R05803		(2.7.1.149)			[00562]
1	rn:R05916		(2.4.1.198)			[00563]
1	rn:R05917		(3.5.1.89)			[00563]
1	rn:R05918		(-.-.-.-)			[00563]
1	rn:R05919		(-.-.-.-)			[00563]
1	rn:R05920		(-.-.-.-)			[00563]
1	rn:R05921		(-.-.-.-)			[00563]
1	rn:R06171	reversible	(4.1.2.48)			[00260]
1	rn:R06516		(4.1.2.27)			[00600]
1	rn:R06517		(2.3.1.24)			[00600]
1	rn:R06518		(3.5.1.23)			[00600]
1	rn:R06519		(1.14.19.17)			[00600]
1	rn:R06520		(3.1.3.4)			[00600]
1	rn:R06521		(3.1.3.4)			[00600]
1	rn:R06522		(3.1.3.4)			[00600]
1	rn:R06870		(3.1.3.75)			[00564]
1	rn:R06871		(3.1.3.75)			[00564]
1	rn:R06985		(1.3.1.38)			[00062]
1	rn:R07299		(3.1.3.66)			[00562]
1	rn:R07324		(5.5.1.4)			[00521, 00562]
1	rn:R07364		(1.13.11.54)			[00270]
1	rn:R07376		(2.7.8.29)			[00564]
1	rn:R07377		(-.-.-.-)			[00564]
1	rn:R07392		(4.2.1.109)			[00270]
1	rn:R07395		(3.1.3.77)			[00270]
1	rn:R07396		(2.6.1.5)			[00270]
1	rn:R07396		(2.6.1.57)			[00270]
1	rn:R07599		(1.2.4.4)			[00280]
1	rn:R07600		(1.2.4.4)			[00280]
1	rn:R07601		(1.2.4.4)			[00280]
1	rn:R07602		(1.2.4.4)			[00280]
1	rn:R07603		(1.2.4.4)			[00280]
1	rn:R07604		(1.2.4.4)			[00280]
1	rn:R07618	reversible	(1.8.1.4)			[00010, 00020, 00280, 00620, 00640]
1	rn:R08193	reversible	(5.4.2.3)			[00520]
1	rn:R08572		(2.7.1.165)			[00030, 00260, 00561, 00630, 00680]
1	rn:R08639	reversible	(5.4.2.2)			[00500, 00521]
1	rn:R08969	reversible	(2.7.8.27)			[00600]
1	rn:R09076		(1.5.3.16)			[00330, 00410]
1	rn:R09076		(1.5.3.17)			[00330, 00410]
1	rn:R09085		(2.7.1.147)			[00010]
1	rn:R09086	reversible	(2.7.1.147)			[00010]
1	rn:R09532		(3.1.3.80)			[00010]
1	rn:R09827		(3.1.3.86)			[00562]
1	rn:R10221		(1.1.1.343)			[00030]
1	rn:R10507		(-.-.-.-)			[00330, 00332]
1	rn:R10619		(5.1.3.3)			[00052]
1	rn:R10633|R10634		(-.-.-.-)			[]
1	rn:R10928		(3.1.3.95)			[00562]
1	rn:R10991	reversible	(2.6.1.42)			[00270]
1	rn:R10992	reversible	(2.6.1.44)			[00270]
1	rn:R10996		(1.2.4.4)			[00640]
1	rn:R10997		(1.2.4.4)			[00640]
1	rn:R10998		(2.3.1.168)			[00640]
1	rn:R11319		(2.7.4.3)			[00730]
1	rn:R11323		(3.6.1.9)			[00240]
1	rn:R11680		(-.-.-.-)			[00562]
1	rn:R11861		(4.3.2.7)			[00480]
1	rn:R12124		(-.-.-.-)			[00562]
1	rn:R12350	reversible	(-.-.-.-)			[]
1	rn:R12351	reversible	(-.-.-.-)			[]
1	rn:R12356	reversible	(-.-.-.-)			[]
1	rn:R12423		(-.-.-.-)			[]
1	rn:R12424		(-.-.-.-)			[]
1	rn:R12427		(-.-.-.-)			[]
1	rn:R12428		(-.-.-.-)			[]
1	rn:R12432		(-.-.-.-)			[]
1	rn:R12578		(-.-.-.-)			[]
1022	rn:R04996		(1.2.1.5)			[00340]
1023	rn:R04674		(1.4.3.4)			[00340]
1024	rn:R02155		(2.1.1.8)			[00340]
1055	rn:R04881		(2.1.1.6)			[00350]
1056	rn:R02532		(1.4.3.4)			[00350]
1057	rn:R04891|R04892		(1.2.1.5)			[00350]
1058	rn:R04893		(1.4.3.4)			[00350]
1059	rn:R02534		(2.1.1.6)			[00350]
106	rn:R03530	reversible	(2.7.4.6)			[00230]
106	rn:R03531		(3.6.1.66)			[00230]
106	rn:R10235	reversible	(3.6.1.64)			[00230]
1060	rn:R04894		(1.4.3.4)			[00350]
1061	rn:R02920		(2.1.1.6)			[00350]
1062	rn:R02919		(1.4.3.4)			[00350]
1063	rn:R02533		(2.1.1.28)			[00350]
1064	rn:R02535		(1.14.17.1)			[00350]
1065	rn:R03304		(2.1.1.6)			[00350]
112	rn:R03437		(2.3.1.67)			[00565]
112	rn:R03438		(2.3.1.63)			[00565]
112	rn:R04452		(3.1.1.47)			[00565]
112	rn:R07387		(3.1.1.4)			[00565]
1131	rn:R04888|R04889		(1.2.1.5)			[00350]
1132	rn:R04890		(1.4.3.4)			[00350]
1134	rn:R04301		(2.1.1.6)			[00350]
1199	rn:R08965		(-.-.-.-)			[00350]
1200	rn:R03673		(5.3.3.12)			[00350]
1202	rn:R04884		(1.14.18.1)			[00350]
1208	rn:R09959		(4.1.2.50)			[00790]
1211	rn:R11583		(2.8.1.9)			[00790]
1212	rn:R09735		(2.10.1.1)			[00790]
1213	rn:R09726		(2.7.7.75)			[00790]
1214	rn:R09395		(2.8.1.12)			[00790]
1215	rn:R11372		(4.6.1.17)			[00790]
1216	rn:R09394		(4.1.99.22)			[00790]
125	rn:R11375	reversible	(2.4.1.228)			[00601]
125	rn:R11378	reversible	(2.4.1.79)			[00601]
126	rn:R05939		(2.4.1.92)			[00604]
126	rn:R05941		(2.4.1.62)			[00604]
126	rn:R06004		(3.2.1.52)			[00604]
126	rn:R06010		(3.2.1.23)			[00604]
128	rn:R08229	reversible	(2.4.2.3)			[00983]
128	rn:R08230	reversible	(2.4.2.4)			[00983]
1320	rn:R05202		(2.7.1.158)			[00562]
1321	rn:R05801		(2.7.1.151)			[00562]
1322	rn:R05800		(2.7.1.151)			[00562]
1323	rn:R03478		(2.7.1.140)			[00562]
1324	rn:R03429		(2.7.1.159)			[00562]
1325	rn:R06623		(3.1.4.50)			[00563]
1343	rn:R01660		(2.7.1.106)			[00500]
1450	rn:R00888		(4.2.1.47)			[00051]
1459	rn:R05990		(2.4.99.1)			[00510]
1460	rn:R05989		(2.4.1.38)			[00510]
1461	rn:R05988		(2.4.1.68)			[00510]
1462	rn:R05986		(2.4.1.144)			[00510]
1463	rn:R05992		(2.4.1.201)			[00510]
1464	rn:R05991		(2.4.1.155)			[00510]
1465	rn:R05987		(2.4.1.145)			[00510]
1469	rn:R05985		(2.4.1.143)			[00510]
1471	rn:R09323		(3.2.1.52)			[00513]
1475	rn:R09319		(2.4.1.68)			[00513]
1476	rn:R05984		(3.2.1.114)			[00510]
1477	rn:R05983		(2.4.1.101)			[00510]
1478	rn:R05982		(3.2.1.113)			[00510]
1480	rn:R06722		(3.2.1.113)			[00513]
1481	rn:R05981		(3.2.1.84)			[00510]
1482	rn:R05980		(3.2.1.84)			[00510]
1483	rn:R05979		(3.2.1.106)			[00510]
149	rn:R04854	reversible	(1.14.15.6)			[00140]
149	rn:R04855	reversible	(1.14.15.6)			[00140]
150	rn:R01758|R01759	reversible	(-.-.-.-)			[00040]
150	rn:R01758|R01759	reversible	(1.1.1.21)			[00040]
151	rn:R03236|R03237|R03238|R03239	reversible	(-.-.-.-)			[00052]
151	rn:R03236|R03237|R03238|R03239	reversible	(2.7.1.11)			[00052]
152	rn:R03300|R03302	reversible	(-.-.-.-)			[00350]
152	rn:R03300|R03302	reversible	(1.2.1.5)			[00350]
153	rn:R02695|R02697	reversible	(-.-.-.-)			[00350]
153	rn:R02695|R02697	reversible	(1.2.1.5)			[00350]
1634	rn:R02061		(2.5.1.29)			[00900]
1636	rn:R03038		(6.1.1.7)			[00970]
164	rn:R02964		(1.6.5.2)			[00130]
164	rn:R09991		(4.1.1.90)			[00130]
164	rn:R09992		(1.17.4.4)			[00130]
1642	rn:R07978		(1.17.3.2)			[00232]
1643	rn:R07942		(1.17.3.2)			[00232]
1645	rn:R07981		(1.7.3.3)			[00232]
1647	rn:R07945		(1.14.14.1)			[00232]
1649	rn:R07940		(2.3.1.5)			[00232]
165	rn:R03511		(1.17.4.4)			[00130]
165	rn:R03816		(1.6.5.2)			[00130]
165	rn:R05144		(4.1.1.90)			[00130]
1650	rn:R07979		(1.17.3.2)			[00232]
1651	rn:R07977		(1.17.3.2)			[00232]
1653	rn:R08961		(1.14.14.23)			[00140]
1654	rn:R04678		(5.3.3.1)			[00140]
1655	rn:R04678		(1.1.1.145)			[00140]
1658	rn:R04835|R04836		(1.1.1.50)			[00140]
1659	rn:R03713		(1.3.1.3)			[00140]
166.0	rn:R02204		(1.5.3.7)			[00310]
1660	rn:R03263		(1.14.15.4|1.14.15.5)			[00140]
1661	rn:R03262		(1.14.15.5)			[00140]
1663	rn:R04842|R04843		(1.1.1.50)			[00140]
1665	rn:R03848		(1.1.1.146)			[00140]
1666	rn:R03847		(-.-.-.-)			[00140]
1667	rn:R03849		(1.14.14.16)			[00140]
1668	rn:R04852		(1.14.14.19)			[00140]
1669	rn:R02838		(1.14.14.16)			[00140]
167	rn:R00100		(1.6.2.2)			[00520]
167	rn:R01115		(1.14.18.2)			[00520]
167	rn:R01803		(1.14.18.2)			[00520]
1671	rn:R04832|R04833		(1.1.1.50)			[00140]
1672	rn:R02841		(1.3.1.3)			[00140]
1674	rn:R04829|R04830		(1.1.1.50)			[00140]
1675	rn:R02893		(1.3.1.3)			[00140]
1676	rn:R02836		(1.1.1.146)			[00140]
1677	rn:R02834		(-.-.-.-)			[00140]
1678	rn:R02843		(1.14.15.4)			[00140]
1679	rn:R04849		(5.3.3.1)			[00140]
168	rn:R00719		(3.6.1.5)			[00230]
168	rn:R00722	reversible	(2.7.4.6)			[00230]
1680	rn:R04849		(1.1.1.145)			[00140]
1681	rn:R02840		(5.3.3.1)			[00140]
1682	rn:R02840		(1.1.1.145)			[00140]
1683	rn:R04850		(1.14.15.4)			[00140]
1684	rn:R04675		(1.14.14.16)			[00140]
1685	rn:R03329		(1.14.15.4)			[00140]
1686	rn:R03326		(1.14.14.16)			[00140]
1687	rn:R03325		(1.1.1.149)			[00140]
1688	rn:R09515		(1.14.15.16)			[00100]
1689	rn:R03610		(1.14.15.18)			[00100]
169.0	rn:R08243		(-.-.-.-)			[00983]
1690	rn:R09516		(1.14.15.16)			[00100]
1692	rn:R03611		(1.14.14.24)			[00100]
170	rn:R11892		(2.7.4.14)			[00983]
170	rn:R11895		(2.7.4.6)			[00983]
170	rn:R11896		(3.6.1.23)			[00983]
1746	rn:R05556		(2.5.1.87)			[00900]
1747	rn:R09249		(2.5.1.91)			[00900]
175.0	rn:R06528		(3.5.1.23)			[00600]
1927	rn:R02408		(4.4.1.1)			[00270]
1930	rn:R02670		(1.11.1.6)			[00380]
1933	rn:R04171		(2.6.1.7)			[00380]
1934	rn:R04907		(1.4.3.4)			[00380]
1966	rn:R03628		(1.13.11.52)			[00380]
1967	rn:R03629		(1.14.14.1)			[00380]
1968	rn:R03130		(2.1.1.4)			[00380]
1969	rn:R02911		(2.3.1.87)			[00380]
1970	rn:R02909		(1.13.11.52)			[00380]
1971	rn:R04905		(2.1.1.4)			[00380]
1973	rn:R04903		(1.2.1.3)			[00380]
1974	rn:R04904		(1.2.3.1)			[00380]
1975	rn:R02908		(1.4.3.4)			[00380]
1976	rn:R02910		(2.1.1.49)			[00380]
1977	rn:R02701		(4.1.1.28)			[00380]
1978	rn:R04908		(1.4.3.4)			[00380]
1979	rn:R04909		(4.1.1.28)			[00380]
1981	rn:R04911		(3.5.1.9)			[00380]
1982	rn:R02702		(1.13.11.52)			[00380]
1983	rn:R01814		(1.14.16.4)			[00380]
1985	rn:R02174		(2.1.1.49)			[00380]
2006	rn:R01956		(2.6.1.7)			[00380]
2016	rn:R09979		(5.1.99.1)			[00630]
2025	rn:R03415		(3.3.2.2)			[00565]
2026	rn:R07111		(3.3.2.10)			[00590]
2027	rn:R07052		(1.14.14.1)			[00590]
2028	rn:R07110		(3.3.2.10)			[00590]
2029	rn:R07051		(1.14.14.1)			[00590]
203	rn:R04215	reversible	(2.7.7.43)			[00520]
2030	rn:R07109		(3.3.2.10)			[00590]
2031	rn:R07050		(1.14.14.1)			[00590]
2032	rn:R07108		(3.3.2.10)			[00590]
2033	rn:R07048		(1.14.14.1)			[00590]
2034	rn:R07054		(1.14.14.1)			[00590]
2035	rn:R07053		(-.-.-.-)			[00590]
2036	rn:R07038		(-.-.-.-)			[00590]
2037	rn:R07041		(1.14.15.3)			[00590]
2040	rn:R07046		(1.14.14.1)			[00590]
2046	rn:R01596		(1.13.11.31)			[00590]
2047	rn:R07044		(1.14.14.1)			[00590]
2048	rn:R07042		(1.14.14.1)			[00590]
2049	rn:R07045		(1.14.14.1)			[00590]
2050	rn:R07043		(1.14.14.1)			[00590]
2052	rn:R07035		(1.11.1.9)			[00590]
2053	rn:R01593		(1.13.11.33)			[00590]
2056	rn:R07056		(1.14.14.1)			[00591]
2057	rn:R03626		(1.13.11.12)			[00591]
2058	rn:R03626		(1.13.11.33)			[00591]
2068	rn:R07064		(3.1.1.4)			[00591]
207	rn:R03479	reversible	(2.7.1.134)			[00562]
2073	rn:R07888		(1.3.3.6)			[00592]
2079	rn:R07861		(-.-.-.-)			[00592]
2085	rn:R07859		(3.1.1.4)			[00592]
2086	rn:R07860		(3.1.1.32)			[00592]
2087	rn:R07034		(1.11.1.9)			[00590]
2088	rn:R03866		(1.14.13.30)			[00590]
2089	rn:R03057		(3.3.2.6)			[00590]
2093	rn:R09875		(3.4.19.14)			[00590]
2094	rn:R03059		(4.4.1.20)			[00590]
2095	rn:R03058		(1.13.11.34)			[00590]
2096	rn:R01595		(1.13.11.34)			[00590]
2099	rn:R02267		(5.3.99.4)			[00590]
2101	rn:R02581		(1.1.1.184)			[00590]
2102	rn:R02581		(1.1.1.189)			[00590]
2106	rn:R02265		(5.3.99.3)			[00590]
2109	rn:R02268		(5.3.99.5)			[00590]
2110	rn:R02799		(1.1.1.188)			[00590]
2114	rn:R02266		(5.3.99.2)			[00590]
2115	rn:R09506		(1.11.1.20)			[00590]
2116	rn:R00073		(1.14.99.1)			[00590]
2117	rn:R01590		(1.14.99.1)			[00590]
2118	rn:R07046		(1.14.15.3)			[00590]
2119	rn:R02030		(2.7.8.41)			[00564]
2124	rn:R05105		(2.8.2.11)			[00600]
2126	rn:R06526		(1.14.18.5)			[00600]
2150	rn:R04920		(2.7.8.1)			[00440]
2151	rn:R04247		(2.7.7.14)			[00440]
2153	rn:R04922		(2.7.8.2)			[00440]
2154	rn:R02590		(2.7.7.15)			[00440]
2164	rn:R10677		(6.3.1.17)			[00250]
220	rn:R07055	reversible	(1.14.14.1)			[00591]
221.0	rn:R09037		(-.-.-.-)			[00564]
233	rn:R04756	reversible	(5.3.3.8)			[00071]
238	rn:R07619	reversible	(-.-.-.-)			[00515]
240	rn:R07811	reversible	(3.2.1.166)			[00531]
250	rn:R08382|R08383	reversible	(-.-.-.-)			[00830]
2515	rn:R03953		(1.11.1.8)			[00350]
2516	rn:R03208		(1.11.1.8)			[00350]
2517	rn:R03973		(1.11.1.8)			[00350]
2518	rn:R03539		(1.11.1.8)			[00350]
2560	rn:R02918		(6.1.1.1)			[00970]
258	rn:R08259		(2.4.1.17)			[00983]
258	rn:R08260		(3.2.1.31)			[00983]
2604	rn:R03161		(2.7.1.52)			[00051]
2606	rn:R03688		(4.2.1.68)			[00051]
2617	rn:R01923		(2.3.1.21)			[00071]
2634	rn:R08955		(1.1.1.213)			[00140]
2635	rn:R08954		(1.3.1.22)			[00140]
2636	rn:R03851		(1.14.15.4)			[00140]
2637	rn:R04163		(5.3.3.1)			[00140]
2638	rn:R04163		(1.1.1.145)			[00140]
2639	rn:R03784		(1.14.14.16)			[00140]
2640	rn:R08943		(1.14.14.29)			[00140]
2641	rn:R08942		(3.1.6.2)			[00140]
2642	rn:R08978		(2.8.2.2)			[00140]
2643	rn:R03783		(1.14.14.19)			[00140]
2644	rn:R02213		(1.14.14.16)			[00140]
2646	rn:R02207|R02209		(1.1.1.149)			[00140]
2647	rn:R02218		(1.14.15.4)			[00140]
2649	rn:R04845|R04846		(1.1.1.50)			[00140]
2650	rn:R08959		(1.1.1.149)			[00140]
2651	rn:R08957		(1.1.1.213)			[00140]
2652	rn:R08960		(1.1.1.213)			[00140]
2653	rn:R08958		(1.1.1.149)			[00140]
2654	rn:R02208		(1.3.1.22)			[00140]
2655	rn:R02211		(1.14.14.19)			[00140]
2656	rn:R03933		(1.14.15.6)			[00140]
2657	rn:R04840		(1.1.1.146)			[00140]
2658	rn:R04837|R04838		(1.1.1.50)			[00140]
2659	rn:R00961		(3.6.1.5)			[00230]
2660	rn:R00720		(3.6.1.8)			[00230]
2661	rn:R00961		(3.6.1.6)			[00230]
2662	rn:R00961		(3.6.1.64)			[00230]
2664	rn:R02720		(3.6.1.66)			[00230]
2668	rn:R02805		(3.6.1.17)			[00230]
2670	rn:R01054		(3.6.1.13)			[00230]
2673	rn:R00187		(3.6.1.29)			[00230]
2682	rn:R00969		(3.6.1.17)			[00240]
2689	rn:R02397		(1.14.11.1)			[00310]
2690	rn:R03283		(1.2.1.47)			[00310]
2691	rn:R03283		(1.2.1.3)			[00310]
2693	rn:R03451		(1.14.11.8)			[00310]
2695	rn:R04867		(2.1.1.60)			[00310]
2697	rn:R04867		(2.1.1.43)			[00310]
2698	rn:R04866		(2.1.1.60)			[00310]
2700	rn:R04866		(2.1.1.43)			[00310]
2701	rn:R03875		(2.1.1.43)			[00310]
2702	rn:R03380		(2.4.1.50)			[00310]
2703	rn:R03875		(2.1.1.60)			[00310]
2705	rn:R03376		(1.14.11.4)			[00310]
2706	rn:R10270		(4.2.3.134)			[00310]
2707	rn:R03378		(2.7.1.81)			[00310]
2708	rn:R04374		(4.2.1.77)			[00330]
2710	rn:R00135		(3.4.11.5)			[00330]
2880	rn:R02467		(1.13.11.19)			[00430]
2882	rn:R08224		(2.9.1.2)			[00450]
2883	rn:R03595		(2.7.9.3)			[00450]
2884	rn:R03599		(4.4.1.16)			[00450]
2885	rn:R04770		(4.4.1.11)			[00450]
2886	rn:R04770		(4.4.1.1)			[00450]
2887	rn:R09365		(2.1.1.13|2.1.1.14)			[00450]
2888	rn:R04941		(4.4.1.8)			[00450]
2893	rn:R09366		(4.4.1.13)			[00450]
2894	rn:R09373		(-.-.-.-)			[00450]
2895	rn:R08223		(2.7.1.164)			[00450]
2896	rn:R04929		(2.7.7.4)			[00450]
2897	rn:R09366		(4.4.1.1)			[00450]
2899	rn:R09372		(1.8.1.9)			[00450]
2902	rn:R07628		(-.-.-.-)			[00512]
2903	rn:R05910		(2.4.1.148)			[00512]
2904	rn:R05915		(2.4.1.148)			[00512]
2905	rn:R05910		(2.4.1.102)			[00512]
2906	rn:R05914		(2.4.99.3)			[00512]
2907	rn:R05911		(2.4.99.3)			[00512]
2908	rn:R05913		(2.4.99.4)			[00512]
2909	rn:R05909		(2.4.1.147)			[00512]
2910	rn:R05912		(2.4.1.102)			[00512]
2911	rn:R05908		(2.4.1.122)			[00512]
2912	rn:R05907		(2.4.1.41)			[00512]
2913	rn:R11407		(2.4.1.312)			[00515]
2914	rn:R07621		(-.-.-.-)			[00515]
2915	rn:R07620		(2.4.1.109)			[00515]
2916	rn:R03920		(2.7.1.1)			[00520]
2945	rn:R07819		(3.1.6.14)			[00531]
2946	rn:R07818		(3.2.1.31)			[00531]
2948	rn:R07816		(3.2.1.50)			[00531]
2949	rn:R07815		(2.3.1.78)			[00531]
2950	rn:R07814		(3.10.1.1)			[00531]
2951	rn:R07813		(3.2.1.76)			[00531]
2952	rn:R07812		(3.1.6.13)			[00531]
2953	rn:R07809		(3.2.1.52)			[00531]
2954	rn:R07808		(3.1.6.14)			[00531]
2955	rn:R07810		(3.2.1.52)			[00531]
2956	rn:R07807		(3.2.1.23)			[00531]
2957	rn:R07806		(3.1.6.4)			[00531]
2959	rn:R07824		(3.2.1.35)			[00531]
2960	rn:R07823		(3.1.6.12)			[00531]
2961	rn:R07825		(3.2.1.35)			[00531]
2962	rn:R07822		(3.2.1.76)			[00531]
2963	rn:R07821		(3.1.6.13)			[00531]
2965	rn:R10830		(3.2.1.31)			[00531]
2966	rn:R10905		(3.2.1.35)			[00531]
2967	rn:R05932		(2.4.1.175)			[00532]
2968	rn:R05931		(2.4.1.226)			[00532]
2969	rn:R05929		(2.4.1.174)			[00532]
2970	rn:R05936		(2.4.1.224)			[00534]
2971	rn:R05935		(2.4.1.225)			[00534]
2972	rn:R05930		(2.4.1.223)			[00534]
2973	rn:R05928		(2.4.1.135)			[00532]
2974	rn:R05927		(2.4.1.134)			[00532]
2975	rn:R05926		(2.4.1.133)			[00532]
2976	rn:R05925		(2.4.2.26)			[00532]
2977	rn:R04104		(5.1.3.19)			[00532]
2979	rn:R03330		(3.1.3.64)			[00562]
2982	rn:R09036		(-.-.-.-)			[00564]
2983	rn:R09035		(-.-.-.-)			[00564]
2985	rn:R02745		(3.3.2.2)			[00565]
2992	rn:R07896		(1.3.3.6)			[00592]
2993	rn:R07892		(1.3.3.6)			[00592]
2995	rn:R07899		(2.3.1.16)			[00592]
2996	rn:R07895		(2.3.1.16)			[00592]
2998	rn:R07891		(2.3.1.16)			[00592]
2999	rn:R04018		(3.2.1.18)			[00600]
3000	rn:R06230		(2.4.1.152)			[00601]
3001	rn:R06224		(2.4.1.152)			[00601]
3002	rn:R06224		(2.4.1.65)			[00601]
3003	rn:R06222		(2.4.1.152)			[00601]
3004	rn:R06227		(2.4.1.152)			[00601]
3005	rn:R06221		(2.4.1.152)			[00601]
3006	rn:R06221		(2.4.1.65)			[00601]
3007	rn:R06222		(2.4.1.65)			[00601]
3008	rn:R06230		(2.4.1.65)			[00601]
3009	rn:R06227		(2.4.1.65)			[00601]
3011	rn:R06038		(2.4.1.152)			[00601]
3012	rn:R06038		(2.4.1.65)			[00601]
3013	rn:R06037		(2.4.99.6)			[00601]
3015	rn:R06039		(2.4.1.152)			[00601]
3016	rn:R06039		(2.4.1.65)			[00601]
3018	rn:R05974		(2.4.1.149)			[00601]
3020	rn:R06189		(2.4.1.150)			[00601]
3021	rn:R06076		(2.4.1.152)			[00601]
3022	rn:R06076		(2.4.1.65)			[00601]
3023	rn:R06191		(2.4.1.40)			[00601]
3024	rn:R06041		(2.4.1.69)			[00601]
3026	rn:R06193		(2.4.1.40)			[00601]
3027	rn:R06190		(2.4.1.37)			[00601]
3028	rn:R06035		(2.4.1.69)			[00601]
3029	rn:R06033		(-.-.-.-)			[00601]
3030	rn:R06025		(2.4.1.152)			[00601]
3031	rn:R06025		(2.4.1.65)			[00601]
3033	rn:R06075		(2.4.1.65)			[00601]
3034	rn:R06032		(2.4.99.8)			[00601]
3035	rn:R06026		(2.4.99.6)			[00601]
3036	rn:R05975		(2.4.1.149)			[00601]
3037	rn:R06027		(2.4.1.69)			[00601]
3038	rn:R05978		(2.4.1.87)			[00601]
3039	rn:R06095		(2.4.1.152)			[00601]
3040	rn:R06095		(2.4.1.65)			[00601]
3041	rn:R06029		(2.4.1.37)			[00601]
3042	rn:R06197		(2.4.1.40)			[00601]
3043	rn:R06031		(2.4.1.69)			[00601]
3045	rn:R06187		(2.4.1.40)			[00601]
3046	rn:R06024		(2.4.1.69)			[00601]
3047	rn:R05977		(2.4.1.275)			[00601]
3048	rn:R06164		(2.4.1.65)			[00601]
3049	rn:R06168		(2.4.1.37)			[00601]
3050	rn:R06163		(2.4.1.65)			[00601]
3051	rn:R06162		(2.4.1.65)			[00601]
3052	rn:R06167		(2.4.1.40)			[00601]
3053	rn:R06156		(2.4.1.69)			[00601]
3054	rn:R06170		(2.4.1.69)			[00601]
3055	rn:R06169		(2.4.1.87)			[00601]
3056	rn:R06155		(2.4.1.65)			[00601]
3057	rn:R06165		(2.4.1.65)			[00601]
3058	rn:R06153		(2.4.99.6)			[00601]
3059	rn:R06153		(2.4.99.4)			[00601]
3060	rn:R06006		(2.4.1.86)			[00601]
3061	rn:R05971		(2.4.1.206)			[00601]
3064	rn:R05953		(2.4.1.62)			[00604]
3065	rn:R05952		(2.4.1.92)			[00604]
3066	rn:R05947		(2.4.99.8)			[00604]
3067	rn:R05950		(-.-.-.-)			[00604]
3068	rn:R05951		(-.-.-.-)			[00604]
3069	rn:R05949		(2.4.99.4)			[00604]
3070	rn:R05948		(2.4.1.62)			[00604]
3071	rn:R05946		(2.4.1.92)			[00604]
3072	rn:R05940		(2.4.99.8)			[00604]
3073	rn:R05945		(-.-.-.-)			[00604]
3074	rn:R05943		(-.-.-.-)			[00604]
3075	rn:R05942		(2.4.99.4)			[00604]
3077	rn:R05937		(2.4.99.9)			[00604]
3078	rn:R05958		(-.-.-.-)			[00604]
3079	rn:R05959		(2.4.99.7)			[00604]
3080	rn:R05957		(2.4.99.4)			[00604]
3081	rn:R05956		(2.4.1.62)			[00604]
3082	rn:R05938		(2.4.1.92)			[00604]
3306	rn:R07104		(1.2.1.5)			[00980]
3307	rn:R07107		(-.-.-.-)			[00980]
3308	rn:R07100		(2.5.1.18)			[00980]
3309	rn:R07098		(1.14.14.1)			[00980]
342	rn:R08157		(3.1.2.21)			[00061]
343	rn:R08158		(3.1.2.21)			[00061]
3433	rn:R00009		(1.11.1.6)			[00630]
3463	rn:R00935		(1.2.1.27)			[00640]
347	rn:R04014		(3.1.2.21)			[00061]
348	rn:R08159		(2.3.1.85)			[00061]
35.0	rn:R05960	reversible	(2.4.1.228)			[00603]
35.0	rn:R05961	reversible	(3.2.1.22)			[00603]
35.0	rn:R05962	reversible	(2.4.1.179)			[00603]
35.0	rn:R05962	reversible	(2.4.1.79)			[00603]
35.0	rn:R05963	reversible	(3.2.1.52)			[00603]
35.0	rn:R05964	reversible	(-.-.-.-)			[00603]
35.0	rn:R05965	reversible	(2.4.1.88)			[00603]
35.0	rn:R05966	reversible	(3.2.1.49)			[00603]
35.0	rn:R05967	reversible	(2.4.99.4)			[00603]
35.0	rn:R05968	reversible	(2.4.1.69)			[00603]
35.0	rn:R11320	reversible	(2.4.1.87)			[00603]
35.0	rn:R11321	reversible	(2.4.1.179)			[00603]
35.0	rn:R11321	reversible	(2.4.1.79)			[00603]
35.0	rn:R11322	reversible	(2.4.1.88)			[00603]
35.0	rn:R11376	reversible	(2.4.1.228)			[00603]
35.0	rn:R11377	reversible	(2.4.1.228)			[00603]
35.0	rn:R11379	reversible	(2.4.1.79)			[00603]
35.1	rn:R05904	reversible	(2.4.1.152)			[00603]
3520	rn:R04391		(2.7.1.33)			[00770]
3525	rn:R07771		(-.-.-.-)			[00785]
3526	rn:R07770		(-.-.-.-)			[00785]
3550	rn:R08392		(1.14.14.1)			[00830]
3551	rn:R08390		(1.14.14.1)			[00830]
3552	rn:R08391		(1.14.14.1)			[00830]
3553	rn:R02902		(2.4.1.17)			[00830]
3554	rn:R02123		(1.2.1.36)			[00830]
3555	rn:R02125		(1.2.3.1)			[00830]
3556	rn:R07163		(1.3.99.23)			[00830]
3557	rn:R11952		(1.14.19.53)			[00830]
3558	rn:R00032		(1.13.11.63)			[00830]
3559	rn:R08384		(1.2.3.1)			[00830]
3560	rn:R08385		(1.2.1.36)			[00830]
3561	rn:R07268		(2.5.1.17)			[00860]
3562	rn:R01492		(2.5.1.17)			[00860]
362	rn:R07762		(2.3.1.179)			[00061]
370	rn:R08107		(-.-.-.-)			[00563]
371	rn:R05922		(-.-.-.-)			[00563]
3732	rn:R01931		(2.8.1.1)			[00920]
376	rn:R06525		(1.14.18.5)			[00600]
377	rn:R04034		(3.1.1.32)			[00564]
3770	rn:R03905		(6.3.5.7)			[00970]
3771	rn:R04212		(6.3.5.6)			[00970]
3772	rn:R07085		(1.14.14.1)			[00980]
3773	rn:R07087		(1.14.14.1)			[00980]
3775	rn:R07094		(2.5.1.18)			[00980]
3777	rn:R07092		(2.5.1.18)			[00980]
3778	rn:R07089		(-.-.-.-)			[00980]
378	rn:R01348		(1.14.14.80)			[00071]
3781	rn:R07075		(-.-.-.-)			[00980]
3784	rn:R07116		(2.5.1.18)			[00980]
3787	rn:R07113		(2.5.1.18)			[00980]
3788	rn:R07112		(-.-.-.-)			[00980]
3789	rn:R07070		(2.5.1.18)			[00980]
3790	rn:R07084		(2.5.1.18)			[00980]
3791	rn:R07083		(2.5.1.18)			[00980]
3792	rn:R07082		(3.3.2.9)			[00980]
3793	rn:R07091		(2.5.1.18)			[00980]
3794	rn:R07093		(2.5.1.18)			[00980]
3796	rn:R07002		(2.5.1.18)			[00980]
3797	rn:R07069		(2.5.1.18)			[00980]
3798	rn:R07015		(1.3.1.20)			[00980]
3799	rn:R07027		(3.3.2.9)			[00980]
3816	rn:R09425		(1.14.14.1)			[00980]
3819	rn:R09424		(1.14.14.1)			[00980]
3821	rn:R09423		(1.14.14.1)			[00980]
3825	rn:R09421		(1.14.14.1)			[00980]
3826	rn:R09443		(3.3.2.9)			[00980]
3829	rn:R09420		(1.1.1.184)			[00980]
3830	rn:R09420		(1.3.1.20)			[00980]
3831	rn:R09420		(1.1.1.146)			[00980]
3832	rn:R09444		(2.8.2.14)			[00980]
3833	rn:R09418		(1.14.14.1)			[00980]
3834	rn:R09417		(3.3.2.9)			[00980]
3835	rn:R09416		(1.14.14.1)			[00980]
3836	rn:R09441		(-.-.-.-)			[00980]
3837	rn:R09442		(1.14.14.1)			[00980]
3838	rn:R07088		(-.-.-.-)			[00980]
3840	rn:R07090		(-.-.-.-)			[00980]
3841	rn:R07079|R07080|R07081		(-.-.-.-)			[00980]
3842	rn:R07079|R07080|R07081		(1.14.14.1)			[00980]
3843	rn:R07000|R07001		(-.-.-.-)			[00980]
3844	rn:R07000|R07001		(1.14.14.1)			[00980]
3845	rn:R07022|R07021		(-.-.-.-)			[00980]
3846	rn:R08274		(-.-.-.-)			[00982]
3847	rn:R08266		(1.14.13.8)			[00982]
3848	rn:R08272		(-.-.-.-)			[00982]
3849	rn:R08270		(1.14.14.1)			[00982]
3850	rn:R08268		(-.-.-.-)			[00982]
3851	rn:R08271		(-.-.-.-)			[00982]
3852	rn:R08269		(-.-.-.-)			[00982]
3853	rn:R08267		(1.14.14.1)			[00982]
3860	rn:R08293		(1.14.14.1)			[00982]
3862	rn:R08294		(1.14.14.1)			[00982]
3864	rn:R08277		(-.-.-.-)			[00982]
3870	rn:R08285		(-.-.-.-)			[00982]
3871	rn:R08276		(-.-.-.-)			[00982]
3872	rn:R08280		(2.5.1.18)			[00982]
3873	rn:R08281		(1.1.1.1)			[00982]
3875	rn:R08282|R08283		(1.2.1.5)			[00982]
3877	rn:R08275		(-.-.-.-)			[00982]
3878	rn:R08262		(2.4.1.17)			[00982]
3880	rn:R08263		(2.4.1.17)			[00982]
3881	rn:R03697		(1.14.14.1)			[00982]
3882	rn:R08261		(2.4.1.17)			[00982]
3883	rn:R08307		(1.2.1.5)			[00982]
3885	rn:R08310		(1.1.1.1)			[00982]
3886	rn:R08306		(1.1.1.1)			[00982]
3888	rn:R08340		(-.-.-.-)			[00982]
3889	rn:R08339		(-.-.-.-)			[00982]
3890	rn:R08342		(-.-.-.-)			[00982]
3891	rn:R08341		(-.-.-.-)			[00982]
3893	rn:R08312		(1.14.14.1)			[00982]
3894	rn:R08349		(1.2.3.1)			[00982]
3895	rn:R08348		(1.4.3.4)			[00982]
3896	rn:R08345		(1.14.14.1)			[00982]
3897	rn:R08347		(1.4.3.4)			[00982]
3898	rn:R08343		(1.14.14.1)			[00982]
3899	rn:R08344		(1.14.14.1)			[00982]
3900	rn:R08346		(1.4.3.4)			[00982]
3905	rn:R08318		(-.-.-.-)			[00982]
3907	rn:R08303		(-.-.-.-)			[00982]
3908	rn:R08304		(-.-.-.-)			[00982]
3913	rn:R08264		(-.-.-.-)			[00982]
3914	rn:R08313		(-.-.-.-)			[00982]
3917	rn:R08327		(-.-.-.-)			[00982]
3922	rn:R08238		(2.4.2.8)			[00983]
3923	rn:R08236		(2.1.1.67)			[00983]
3924	rn:R08239		(2.1.1.67)			[00983]
3925	rn:R08246		(2.1.1.67)			[00983]
3926	rn:R08244		(6.3.5.2)			[00983]
3927	rn:R08240		(1.1.1.205)			[00983]
3928	rn:R08237		(2.4.2.8)			[00983]
3929	rn:R08245		(2.4.2.8)			[00983]
3930	rn:R08235		(1.17.3.2)			[00983]
3932	rn:R08249		(3.1.1.1)			[00983]
3933	rn:R08248		(2.3.1.5)			[00983]
3934	rn:R08228		(3.5.1.6)			[00983]
3935	rn:R08227		(3.5.2.2)			[00983]
3936	rn:R08226		(1.3.1.2)			[00983]
3937	rn:R11893		(1.17.4.1)			[00983]
3938	rn:R11894		(2.7.4.6)			[00983]
3939	rn:R11891		(2.7.4.14)			[00983]
3940	rn:R08231		(2.4.2.10)			[00983]
3941	rn:R08233		(2.7.1.21)			[00983]
3942	rn:R08232		(2.7.1.48)			[00983]
3943	rn:R08225		(-.-.-.-)			[00983]
3947	rn:R08222		(2.4.2.4)			[00983]
3948	rn:R08221		(3.5.4.5)			[00983]
3949	rn:R08220		(3.1.1.1)			[00983]
3950	rn:R08255		(3.1.1.1)			[00983]
3951	rn:R08258		(3.1.1.1)			[00983]
3953	rn:R11906		(1.11.1.21)			[00983]
3954	rn:R11906		(1.11.2.2)			[00983]
3955	rn:R08251		(3.1.1.1)			[00983]
3958	rn:R08174		(3.1.2.2)			[01040]
3959	rn:R08176		(3.1.2.2)			[01040]
3969	rn:R08175		(3.1.2.2)			[01040]
3970	rn:R08177		(3.1.2.2)			[01040]
3971	rn:R08183		(3.1.2.2)			[01040]
3972	rn:R08182		(3.1.2.2)			[01040]
3973	rn:R08181		(3.1.2.2)			[01040]
3974	rn:R08180		(3.1.2.2)			[01040]
3975	rn:R08179		(3.1.2.2)			[01040]
3976	rn:R08178		(3.1.2.2)			[01040]
3977	rn:R07933		(1.14.19.3)			[01040]
3978	rn:R11110		(1.14.19.3)			[01040]
3979	rn:R11111		(1.14.19.3)			[01040]
3980	rn:R11059		(1.14.19.44)			[01040]
3981	rn:R03814		(1.14.19.3)			[01040]
3982	rn:R11060		(1.14.19.44)			[01040]
40.0	rn:R01004		(3.6.1.43)			[00510]
40.0	rn:R01005		(2.4.1.117)			[00510]
40.0	rn:R01009		(2.4.1.83)			[00510]
40.0	rn:R05969		(2.7.8.15)			[00510]
40.0	rn:R05970		(2.4.1.141)			[00510]
40.0	rn:R05972		(2.4.1.142)			[00510]
40.0	rn:R05973		(2.4.1.132)			[00510]
40.0	rn:R05976		(2.4.99.18)			[00510]
40.0	rn:R06127		(2.4.1.131)			[00510]
40.0	rn:R06128		(2.4.1.131)			[00510]
40.0	rn:R06238		(2.4.1.257)			[00510]
40.0	rn:R06258		(2.4.1.258)			[00510]
40.0	rn:R06259		(2.4.1.259)			[00510]
40.0	rn:R06260		(2.4.1.260)			[00510]
40.0	rn:R06261		(2.4.1.261)			[00510]
40.0	rn:R06262		(2.4.1.267)			[00510]
40.0	rn:R06263		(2.4.1.265)			[00510]
40.0	rn:R06264		(2.4.1.256)			[00510]
40.1	rn:R01018		(2.7.1.108)			[00510]
409	rn:R07380		(-.-.-.-)			[00565]
41.0	rn:R02124	reversible	(1.1.1.1)			[00830]
41.0	rn:R02124	reversible	(1.1.1.105)			[00830]
41.0	rn:R02124|R08379	reversible	(-.-.-.-)			[00830]
41.0	rn:R02368		(-.-.-.-)			[00830]
41.0	rn:R08387		(2.3.1.135)			[00830]
41.1	rn:R03048|R08380	reversible	(-.-.-.-)			[00830]
41.2	rn:R08381		(2.3.1.76)			[00830]
41.3	rn:R08389		(2.3.1.135)			[00830]
41.4	rn:R08388		(3.1.1.64)			[00830]
411	rn:R04571		(1.14.99.19)			[00565]
412	rn:R06364		(2.7.8.1)			[00565]
413	rn:R07389		(2.7.8.2)			[00565]
414	rn:R10805		(2.8.2.11)			[00565]
415	rn:R10804		(2.4.1.47)			[00565]
416	rn:R04162		(3.1.3.4)			[00565]
419	rn:R04321		(2.7.8.2)			[00565]
423	rn:R04311		(2.5.1.26)			[00565]
43.0	rn:R02350		(2.8.2.4)			[00140]
43.2	rn:R02350		(2.8.2.15)			[00140]
431	rn:R10994		(6.3.2.3)			[00270]
432	rn:R10993		(6.3.2.2)			[00270]
4381	rn:R12702		(-.-.-.-)			[]
4384	rn:R00390		(-.-.-.-)			[]
4385	rn:R05188		(-.-.-.-)			[]
4386	rn:R04818|R04819		(-.-.-.-)			[00120]
4387	rn:R04824|R04825		(-.-.-.-)			[00120]
4388	rn:R04835|R04836		(-.-.-.-)			[00140]
4389	rn:R08945|R08980		(-.-.-.-)			[00140]
4390	rn:R04309|R04310		(-.-.-.-)			[00140]
4391	rn:R02476|R02477		(-.-.-.-)			[00140]
4392	rn:R03406|R03407		(-.-.-.-)			[00140]
4393	rn:R04832|R04833		(-.-.-.-)			[00140]
4394	rn:R04829|R04830		(-.-.-.-)			[00140]
4395	rn:R02207|R02209		(-.-.-.-)			[00140]
4396	rn:R04845|R04846		(-.-.-.-)			[00140]
4397	rn:R12405		(-.-.-.-)			[]
4398	rn:R12404		(-.-.-.-)			[]
4399	rn:R12403		(-.-.-.-)			[]
4400	rn:R12323		(-.-.-.-)			[]
4402	rn:R12479		(-.-.-.-)			[]
4403	rn:R06722		(-.-.-.-)			[00513]
4407	rn:R02391|R02393		(-.-.-.-)			[00860]
4411	rn:R01478		(-.-.-.-)			[00040]
4412	rn:R12298		(-.-.-.-)			[]
4413	rn:R12297		(-.-.-.-)			[]
4414	rn:R12296		(-.-.-.-)			[]
4415	rn:R12244		(-.-.-.-)			[]
4416	rn:R12295		(-.-.-.-)			[]
4417	rn:R12294		(-.-.-.-)			[]
4419	rn:R12293		(-.-.-.-)			[]
4420	rn:R12292		(-.-.-.-)			[]
4421	rn:R12173		(-.-.-.-)			[]
4423	rn:R12300		(-.-.-.-)			[]
4424	rn:R08771		(-.-.-.-)			[00130]
4425	rn:R08770		(-.-.-.-)			[00130]
4426	rn:R05000		(-.-.-.-)			[00130]
4427	rn:R12657		(-.-.-.-)			[]
4428	rn:R04891|R04892		(-.-.-.-)			[00350]
4429	rn:R04888|R04889		(-.-.-.-)			[00350]
4430	rn:R12067		(-.-.-.-)			[]
4431	rn:R09737		(-.-.-.-)			[]
4432	rn:R04842|R04843		(-.-.-.-)			[00140]
4434	rn:R04837|R04838		(-.-.-.-)			[00140]
4435	rn:R07410|R07407		(-.-.-.-)			[00760]
4436	rn:R01933		(-.-.-.-)			[00380]
4437	rn:R03102|R03103		(-.-.-.-)			[00310]
4443	rn:R12299		(-.-.-.-)			[]
4444	rn:R12705		(-.-.-.-)			[]
4445	rn:R12704		(-.-.-.-)			[]
4448	rn:R12450		(-.-.-.-)			[]
4449	rn:R12184		(-.-.-.-)			[]
4451	rn:R08282|R08283		(-.-.-.-)			[00982]
4452	rn:R12172		(-.-.-.-)			[]
4453	rn:R12167		(-.-.-.-)			[]
4454	rn:R12169		(-.-.-.-)			[]
4455	rn:R12168		(-.-.-.-)			[]
4456	rn:R12170		(-.-.-.-)			[]
4457	rn:R12171		(-.-.-.-)			[]
45	rn:R02352|R02353	reversible	(-.-.-.-)			[00140]
45	rn:R02352|R02353	reversible	(1.1.1.51)			[00140]
45	rn:R02352|R02353	reversible	(1.1.1.62)			[00140]
45	rn:R02356	reversible	(1.14.14.1)			[00140]
45	rn:R03089		(1.14.14.1)			[00140]
45	rn:R04681|R04682	reversible	(-.-.-.-)			[00140]
45	rn:R04681|R04682	reversible	(1.1.1.62)			[00140]
47.0	rn:R00310		(4.99.1.1)			[00860]
47.0	rn:R00311	reversible	(1.14.14.18)			[00860]
47.1	rn:R11329		(4.99.1.9)			[00860]
47.2	rn:R02391|R02393		(1.3.1.24)			[00860]
470	rn:R07769		(2.3.1.181)			[00785]
471	rn:R07768		(2.8.1.8)			[00785]
472	rn:R07767		(2.8.1.8)			[00785]
473	rn:R07766		(2.3.1.181)			[00785]
474	rn:R07162		(1.3.1.38)			[00062]
476	rn:R00391		(2.3.1.16)			[00062]
480	rn:R08250		(2.3.1.5)			[00983]
502	rn:R09407		(1.14.14.1)			[00980]
503	rn:R09404		(1.14.14.1)			[00980]
504	rn:R09406		(1.14.14.1)			[00980]
505	rn:R09405		(1.14.14.1)			[00980]
506	rn:R09409		(2.5.1.18)			[00980]
507	rn:R09410		(3.3.2.9)			[00980]
508	rn:R09408		(1.14.14.1)			[00980]
52.0	rn:R07099	reversible	(1.14.14.1)			[00980]
52.1	rn:R07106	reversible	(2.4.1.17)			[00980]
52.2	rn:R07105		(1.1.1.1)			[00980]
56.0	rn:R04413		(2.3.1.121)			[00565]
56.0	rn:R07379		(3.1.1.4)			[00565]
56.0	rn:R07384	reversible	(2.7.8.1)			[00565]
56.1	rn:R07388		(3.1.4.39)			[00565]
56.2	rn:R07385		(3.1.4.4)			[00565]
573	rn:R08359		(2.5.1.16)			[00480]
598	rn:R07488		(-.-.-.-)			[00100]
599	rn:R07487		(1.3.1.21)			[00100]
600	rn:R07486		(1.14.19.20)			[00100]
606	rn:R07505		(1.14.19.20)			[00100]
63.0	rn:R00623	reversible	(1.1.1.1)			[00071]
63.0	rn:R00631	reversible	(1.2.1.3)			[00071]
64	rn:R01778	reversible	(1.1.1.211)			[00062]
64	rn:R01778	reversible	(1.1.1.35)			[00062]
64	rn:R02685	reversible	(4.2.1.17)			[00062]
64	rn:R02685	reversible	(4.2.1.74)			[00062]
641	rn:R07493		(-.-.-.-)			[00100]
643	rn:R11096		(-.-.-.-)			[00100]
644	rn:R07492		(1.3.1.21)			[00100]
645	rn:R07491		(1.14.19.20)			[00100]
647	rn:R07484		(5.3.3.5)			[00100]
648	rn:R07483		(1.3.1.70)			[00100]
649	rn:R05731		(1.14.14.154)			[00100]
655	rn:R08721		(1.1.1.181)			[00120]
656	rn:R07208		(1.14.14.26)			[00120]
657	rn:R07207		(1.14.14.25)			[00120]
658	rn:R08723		(1.1.1.181)			[00120]
659	rn:R07209		(1.14.14.29)			[00120]
66.0	rn:R01951	reversible	(2.7.7.30)			[00051, 00520]
66.0	rn:R05692	reversible	(1.1.1.271)			[00051, 00520]
660	rn:R07218		(1.14.99.38)			[00120]
662	rn:R08724		(1.1.1.181)			[00120]
663	rn:R07372		(1.14.14.29)			[00120]
664	rn:R07372		(1.14.14.23)			[00120]
665	rn:R08728		(1.1.1.181)			[00120]
666	rn:R08727		(1.14.14.29)			[00120]
668	rn:R08505		(1.14.15.15)			[00120]
669	rn:R08941		(3.1.6.2)			[00140]
670	rn:R08977		(2.8.2.2)			[00140]
671	rn:R02723		(1.14.15.6)			[00140]
672	rn:R04683		(2.4.1.17)			[00140]
673	rn:R02358		(2.4.1.17)			[00140]
675	rn:R04353		(2.4.1.17)			[00140]
677	rn:R04762		(2.1.1.6)			[00140]
679	rn:R02354|R02355		(1.14.14.1)			[00140]
680	rn:R04354		(2.4.1.17)			[00140]
682	rn:R04764		(2.1.1.6)			[00140]
684	rn:R03088|R03090		(1.14.14.1)			[00140]
685	rn:R02354|R02355		(-.-.-.-)			[00150]
687	rn:R03091		(2.4.1.17)			[00140]
689	rn:R03088|R03090		(-.-.-.-)			[00150]
69	rn:R01836	reversible	(1.1.1.239)			[00140, 00984]
69	rn:R01836|R01838	reversible	(-.-.-.-)			[00140, 00984]
69	rn:R01836|R01838	reversible	(1.1.1.51)			[00140, 00984]
69	rn:R01838	reversible	(1.1.1.64)			[00140, 00984]
690	rn:R03087		(1.14.14.14)			[00140]
692	rn:R04761		(1.14.14.14)			[00140]
694	rn:R02501		(1.14.14.14)			[00140]
695	rn:R08963		(1.1.1.50)			[00140]
696	rn:R02497		(1.3.1.22)			[00140]
697	rn:R02498		(1.3.1.3)			[00140]
698	rn:R02502		(2.4.1.17)			[00140]
70	rn:R01793|R01794	reversible	(-.-.-.-)			[00790]
70	rn:R01793|R01794	reversible	(1.5.1.34)			[00790]
70	rn:R04734		(4.2.1.96)			[00790]
70	rn:R07211		(1.14.16.1)			[00790]
70	rn:R07212		(1.14.16.2)			[00790, 00950]
70	rn:R07213		(1.14.16.4)			[00790]
702	rn:R08945|R08980		(1.1.1.62)			[00140]
703	rn:R04758		(1.1.1.146)			[00140]
704	rn:R02725		(1.14.15.4)			[00140]
705	rn:R04352		(2.4.1.17)			[00140]
706	rn:R04309|R04310		(1.1.1.50)			[00140]
708	rn:R01835		(1.3.1.3)			[00140]
709	rn:R02478		(2.4.1.17)			[00140]
71	rn:R04880	reversible	(1.1.1.1)			[00350]
71	rn:R04882|R04883	reversible	(-.-.-.-)			[00350]
71	rn:R04882|R04883	reversible	(1.2.1.5)			[00350]
71	rn:R04887	reversible	(2.1.1.6)			[00350]
710	rn:R02476|R02477		(1.1.1.50)			[00140]
711	rn:R02351		(1.14.14.14)			[00140]
713	rn:R04759		(1.14.14.14)			[00140]
715	rn:R01840		(1.14.14.14)			[00140]
72	rn:R02536|R02537	reversible	(-.-.-.-)			[00360, 00643]
72	rn:R02536|R02537	reversible	(1.2.1.5)			[00360, 00643]
72	rn:R02613	reversible	(1.4.3.21)			[00360]
72	rn:R02613	reversible	(1.4.3.4)			[00360]
757	rn:R07412		(-.-.-.-)			[00860]
758	rn:R07411		(2.5.1.141)			[00860]
759	rn:R00078		(1.16.3.1)			[00860]
76.0	rn:R02216	reversible	(1.1.1.145)			[00140]
76.0	rn:R02216	reversible	(5.3.3.1)			[00140]
76.1	rn:R02219		(1.3.1.3)			[00140]
760	rn:R02480		(4.4.1.17)			[00860]
778	rn:R04979		(3.2.1.31)			[00860]
779	rn:R02389		(2.4.1.17)			[00860]
780	rn:R03222		(1.3.3.4)			[00860]
783	rn:R03220		(1.3.3.3)			[00860]
784	rn:R04178		(1.3.3.15)			[00860]
785	rn:R03197		(4.1.1.37)			[00860]
79	rn:R01404	reversible	(-.-.-.-)			[]
79	rn:R02767	reversible	(-.-.-.-)			[]
79	rn:R02768		(-.-.-.-)			[]
79	rn:R10208	reversible	(-.-.-.-)			[]
791	rn:R05220		(2.5.1.17)			[00860]
824	rn:R03165		(4.2.1.75)			[00860]
826	rn:R04972		(4.1.1.37)			[00860]
829	rn:R00084		(2.5.1.61)			[00860]
830	rn:R00036		(4.2.1.24)			[00860]
831	rn:R00830		(2.3.1.37)			[00260]
842	rn:R04950		(2.3.1.80)			[00480]
863	rn:R01583		(4.2.1.48)			[00471]
88.0	rn:R09370	reversible	(2.1.1.96)			[00450]
900	rn:R04085		(1.2.3.1)			[00760]
901	rn:R08408		(1.2.3.1)			[00760]
902	rn:R01269		(2.1.1.1)			[00760]
915	rn:R05707		(1.5.1.30)			[00740]
923	rn:R01232		(3.6.1.17)			[00230]
925	rn:R00139		(2.7.4.6)			[00240]
954	rn:R03104		(1.1.1.27)			[00270]
984	rn:R01687		(2.3.2.2)			[00430]
